normalizing_factor,h_b,v,beta,avg_number_of_bumps,avg_total_active_neurons,avg_bump_width,avg_largest_bump_width,avg_zero_bump_timestep_percentage
0.5,0.175,0.5,400,0.8884324324324324,27.556216216216217,31.016670722803603,26.93383783783784,17.83783783783784
0.5,0.16999999999999998,0.5,400,0.9112432432432432,28.191567567567567,30.93747775536837,27.54183783783784,15.87027027027027
0.5,0.19,0.5,400,0.8754594594594595,25.856972972972972,29.53531736231168,24.942162162162163,21.286486486486485
0.5,0.15999999999999998,0.5,400,0.9218378378378378,28.952108108108106,31.40694265275009,28.17837837837838,15.04864864864865
0.5,0.14499999999999996,0.5,400,0.9296216216216217,29.965513513513514,32.23409698802186,29.035351351351352,14.81081081081081
0.5,0.14999999999999997,0.5,400,0.928972972972973,29.592,31.85453275922262,28.711675675675675,14.562162162162162
0.5,0.15499999999999997,0.5,400,0.924972972972973,29.28162162162162,31.656732117812062,28.442810810810812,14.886486486486486
0.5,0.12999999999999995,0.5,400,0.9261621621621622,31.794810810810812,34.32963697910587,31.23610810810811,13.837837837837839
0.5,0.2,0.5,400,0.8587027027027027,25.193513513513512,29.339040664736245,24.433621621621622,21.794594594594596
0.5,0.185,0.5,400,0.8758918918918919,26.223567567567567,29.939274253270796,25.284324324324324,21.037837837837838
0.5,0.18,0.5,400,0.8710270270270271,26.69891891891892,30.65222787638079,25.887675675675677,20.886486486486486
0.5,0.195,0.5,400,0.8710270270270271,25.52983783783784,29.31004095817302,24.66627027027027,21.45945945945946
0.5,0.16499999999999998,0.5,400,0.9203243243243243,28.623675675675674,31.1017267708211,27.91189189189189,15.05945945945946
0.5,0.12499999999999994,0.5,400,0.9323243243243243,32.212756756756754,34.55102040816327,31.559243243243245,13.578378378378378
0.5,0.13499999999999995,0.5,400,0.9197837837837838,31.225837837837837,33.94910672308416,30.651243243243243,14.237837837837837
0.5,0.13999999999999996,0.5,400,0.9276756756756757,30.46162162162162,32.83649924251253,29.576864864864866,14.68108108108108
0.5,0.11499999999999994,0.5,400,0.9885405405405405,33.70918918918919,34.099956255468065,32.850162162162164,8.562162162162162
0.5,0.11999999999999994,0.5,400,0.9416216216216217,32.62745945945946,34.65028702640643,31.844756756756755,13.448648648648648
0.5,0.10499999999999993,0.5,400,1.0022702702702704,34.71416216216216,34.63553014777263,33.74562162162162,7.2
0.5,0.09999999999999992,0.5,400,1.0034594594594595,35.14637837837838,35.02521008403362,34.142162162162165,6.854054054054054
0.5,0.10999999999999993,0.5,400,1.001081081081081,34.296324324324324,34.25928725701944,33.36637837837838,7.372972972972973
0.5,0.09499999999999992,0.5,400,1.0018378378378379,35.730486486486484,35.66494011006798,34.816540540540544,6.508108108108108
0.5,0.08999999999999991,0.5,400,1.0086486486486486,36.43545945945946,36.12304394426581,35.564324324324325,5.978378378378379
0.5,0.08499999999999991,0.5,400,0.9970810810810811,37.234054054054056,37.343055404965845,36.68962162162162,5.481081081081081
0.5,0.034999999999999865,0.5,400,1.0135135135135136,45.17351351351351,44.5712,45.15956756756757,0.0
0.5,0.0749999999999999,0.5,400,1.0513513513513513,39.371675675675675,37.448637532133674,38.71048648648649,0.918918918918919
0.5,0.024999999999999856,0.5,400,1.0124324324324325,46.52324324324324,45.95194874532835,46.510486486486485,0.0
0.5,0.014999999999999847,0.5,400,1.0102702702702702,47.99178378378378,47.503905831995716,47.98,0.0
0.5,0.01999999999999985,0.5,400,1.011891891891892,47.22064864864865,46.665705128205126,47.20789189189189,0.0
0.5,0.06499999999999989,0.5,400,1.0529729729729729,40.84594594594594,38.79106776180698,40.11848648648649,0.4648648648648649
0.5,0.04499999999999987,0.5,400,1.016,43.712,43.023622047244096,43.6825945945946,0.05405405405405406
0.5,0.004999999999999838,0.5,400,1.0101621621621621,49.19535135135135,48.70044948630137,49.18486486486486,0.0
0.5,0.03999999999999987,0.5,400,1.0147027027027027,44.46616216216216,43.821862348178136,44.44756756756757,0.021621621621621623
0.5,0.0799999999999999,0.5,400,1.0274594594594595,38.300108108108105,37.27651515151515,37.68291891891892,3.0594594594594593
0.5,0.02999999999999986,0.5,400,1.0127567567567568,45.829837837837836,45.25256191289496,45.81664864864865,0.0
0.5,0.0699999999999999,0.5,400,1.0513513513513513,40.121945945945946,38.16226221079692,39.42713513513514,0.745945945945946
0.5,0.05999999999999989,0.5,400,1.0371891891891891,41.60767567567567,40.11580154263081,41.11772972972973,0.31351351351351353
0.5,0.05499999999999988,0.5,400,1.0195675675675675,42.33135135135135,41.51892694306012,42.18875675675676,0.17297297297297298
0.5,0.04999999999999988,0.5,400,1.0154594594594595,42.986378378378376,42.33194932396466,42.93762162162162,0.22702702702702704
0.5,0.009999999999999842,0.5,400,1.0115675675675675,48.64616216216216,48.08987923479748,48.632864864864864,0.0
0.495,0.2,0.5,400,0.8556756756756757,25.05697297297297,29.283259633607074,24.35210810810811,21.805405405405406
0.495,0.195,0.5,400,0.8684324324324324,25.36572972972973,29.208639362629153,24.540324324324324,21.654054054054054
0.495,0.185,0.5,400,0.8725405405405405,26.08118918918919,29.891091562383842,25.198810810810812,21.113513513513514
0.495,0.19,0.5,400,0.8767567567567568,25.685837837837838,29.296424167694205,24.77827027027027,21.2972972972973
0.495,0.18,0.5,400,0.8688648648648649,26.523783783783784,30.526937912156278,25.719783783783782,20.875675675675677
0.495,0.16999999999999998,0.5,400,0.9101621621621622,28.036648648648647,30.804014728590094,27.41535135135135,15.967567567567567
0.495,0.175,0.5,400,0.8764324324324324,27.21027027027027,31.046626372270875,26.58237837837838,19.264864864864865
0.495,0.16499999999999998,0.5,400,0.9182702702702703,28.466162162162163,30.999764539675066,27.798378378378377,15.254054054054054
0.495,0.11999999999999994,0.5,400,0.943027027027027,32.504756756756755,34.46853146853147,31.782162162162162,13.221621621621622
0.495,0.11499999999999994,0.5,400,0.9829189189189189,33.42410810810811,34.00494940607127,32.5812972972973,9.47027027027027
0.495,0.10999999999999993,0.5,400,0.9987027027027027,34.14627027027027,34.19062567655337,33.252,7.405405405405405
0.495,0.10499999999999993,0.5,400,1.0002162162162163,34.56227027027027,34.55479896238651,33.59945945945946,7.286486486486487
0.495,0.09999999999999992,0.5,400,1.0022702702702704,35.02054054054054,34.941214539963326,34.06335135135135,6.8432432432432435
0.495,0.09499999999999992,0.5,400,0.9997837837837837,35.57091891891892,35.5786115916955,34.70259459459459,6.486486486486487
0.495,0.08999999999999991,0.5,400,1.0021621621621621,36.25221621621622,36.174002157497306,35.43589189189189,6.108108108108108
0.495,0.15999999999999998,0.5,400,0.9218378378378378,28.831135135135135,31.275712442828663,28.09156756756757,14.91891891891892
0.495,0.08499999999999991,0.5,400,1.0031351351351352,37.11351351351351,36.997521284621186,36.500324324324325,5.243243243243243
0.495,0.15499999999999997,0.5,400,0.9275675675675675,29.155675675675674,31.43240093240093,28.347135135135137,14.64864864864865
0.495,0.14999999999999997,0.5,400,0.9297297297297298,29.492216216216217,31.72127906976744,28.624864864864865,14.605405405405405
0.495,0.14499999999999996,0.5,400,0.9291891891891891,29.81427027027027,32.08632926119837,28.893945945945944,14.702702702702704
0.495,0.13499999999999995,0.5,400,0.9042162162162162,30.944756756756757,34.222740315638454,30.51783783783784,14.345945945945946
0.495,0.13999999999999996,0.5,400,0.9244324324324324,30.288324324324325,32.76423810080692,29.45535135135135,14.605405405405405
0.495,0.12999999999999995,0.5,400,0.9225945945945946,31.605513513513515,34.25720646824467,31.089945945945946,13.913513513513514
0.495,0.12499999999999994,0.5,400,0.9262702702702703,32.059783783783786,34.61169467787115,31.479567567567567,13.448648648648648
0.495,0.0799999999999999,0.5,400,1.019891891891892,38.157405405405406,37.41318634725461,37.72054054054054,3.0054054054054054
0.495,0.0749999999999999,0.5,400,1.047027027027027,39.23005405405405,37.468043366029946,38.69513513513513,0.7351351351351352
0.495,0.0699999999999999,0.5,400,1.0477837837837838,39.942054054054054,38.12051176227817,39.33124324324324,0.7351351351351352
0.495,0.06499999999999989,0.5,400,1.0551351351351352,40.642162162162165,38.51844262295082,39.93783783783784,0.4864864864864865
0.495,0.05999999999999989,0.5,400,1.0376216216216216,41.49372972972973,39.9892685976245,41.05945945945946,0.31351351351351353
0.495,0.05499999999999988,0.5,400,1.0277837837837838,42.16389189189189,41.02408751446303,41.874810810810814,0.22702702702702704
0.495,0.04999999999999988,0.5,400,1.0184864864864864,42.90994594594594,42.131090117821884,42.843783783783785,0.14054054054054055
0.495,0.03999999999999987,0.5,400,1.0132972972972973,44.33578378378378,43.75397418115865,44.319675675675676,0.010810810810810811
0.49,0.2,0.5,400,0.8507027027027027,24.905729729729728,29.276655229381117,24.266378378378377,21.686486486486487
0.49,0.195,0.5,400,0.8563243243243244,25.201621621621623,29.42999621259942,24.485297297297297,21.664864864864864
0.49,0.19,0.5,400,0.8718918918918919,25.529945945945947,29.281091134531927,24.66518918918919,21.427027027027027
0.49,0.185,0.5,400,0.8722162162162163,25.916324324324325,29.71318790282598,25.046054054054053,21.17837837837838
0.495,0.04499999999999987,0.5,400,1.016,43.60335135135135,42.91668440093637,43.57945945945946,0.043243243243243246
0.49,0.18,0.5,400,0.8675675675675676,26.313405405405405,30.330093457943924,25.495783783783782,21.07027027027027
0.495,0.034999999999999865,0.5,400,1.0122162162162163,45.087135135135135,44.542988358432126,45.074486486486485,0.0
0.49,0.175,0.5,400,0.8682162162162163,26.92043243243243,31.006599427219523,26.272,20.205405405405404
0.49,0.16999999999999998,0.5,400,0.9046486486486487,27.832216216216217,30.765774378585085,27.240972972972973,16.25945945945946
0.495,0.02999999999999986,0.5,400,1.0122162162162163,45.77416216216216,45.22172380647228,45.7612972972973,0.0
0.49,0.16499999999999998,0.5,400,0.9135135135135135,28.297081081081082,30.97609467455621,27.658270270270272,15.416216216216217
0.495,0.024999999999999856,0.5,400,1.0114594594594595,46.35881081081081,45.833582727661394,46.347027027027025,0.0
0.495,0.01999999999999985,0.5,400,1.011027027027027,47.054054054054056,46.540846877673225,47.042702702702705,0.0
0.495,0.014999999999999847,0.5,400,1.0122162162162163,47.93394594594594,47.35544163195557,47.92064864864865,0.0
0.495,0.009999999999999842,0.5,400,1.0100540540540541,48.52908108108108,48.04602376110457,48.518594594594596,0.0
0.495,0.004999999999999838,0.5,400,1.0107027027027027,49.06897297297297,48.54936356829607,49.057405405405405,0.0
0.49,0.15999999999999998,0.5,400,0.9218378378378378,28.710594594594596,31.144951331066025,27.99783783783784,14.864864864864865
0.49,0.15499999999999997,0.5,400,0.9246486486486486,29.02756756756757,31.393078452005145,28.24908108108108,14.78918918918919
0.49,0.14999999999999997,0.5,400,0.9245405405405406,29.349297297297298,31.744738072965387,28.517621621621622,14.864864864864865
0.49,0.14499999999999996,0.5,400,0.9296216216216217,29.67145945945946,31.917781137341553,28.782486486486487,14.713513513513513
0.49,0.13499999999999995,0.5,400,0.9067027027027027,30.736,33.89865267676166,30.249189189189188,14.367567567567567
0.49,0.12499999999999994,0.5,400,0.9231351351351351,31.894486486486485,34.55018152008432,31.361513513513515,13.578378378378378
0.49,0.11999999999999994,0.5,400,0.9348108108108109,32.35297297297297,34.60911298716318,31.69654054054054,13.394594594594595
0.49,0.10999999999999993,0.5,400,1.0022702702702704,34.04281081081081,33.96569949304282,33.17383783783784,7.372972972972973
0.49,0.0799999999999999,0.5,400,1.0195675675675675,38.00951351351351,37.28003393065423,37.51091891891892,3.4162162162162164
0.49,0.0749999999999999,0.5,400,1.0380540540540542,39.11351351351351,37.67965007290148,38.67037837837838,0.8432432432432433
0.49,0.13999999999999996,0.5,400,0.9272432432432433,30.07481081081081,32.434650810306636,29.20464864864865,14.594594594594595
0.49,0.0699999999999999,0.5,400,1.0488648648648649,39.81708108108108,37.96206967635539,39.25351351351351,0.6594594594594595
0.49,0.12999999999999995,0.5,400,0.9085405405405406,31.350594594594593,34.5065445026178,30.95664864864865,14.043243243243243
0.49,0.11499999999999994,0.5,400,0.9664864864864865,33.123135135135136,34.271700223713644,32.346378378378375,10.735135135135135
0.49,0.06499999999999989,0.5,400,1.0485405405405406,40.62367567567568,38.74306629549438,40.05686486486486,0.43243243243243246
0.49,0.05999999999999989,0.5,400,1.0365405405405406,41.4145945945946,39.95463078848561,40.98843243243243,0.2702702702702703
0.49,0.10499999999999993,0.5,400,1.0024864864864864,34.454054054054055,34.36859700204896,33.52151351351351,7.232432432432432
0.49,0.09999999999999992,0.5,400,1.0045405405405405,34.88291891891892,34.725247524752476,33.89859459459459,6.908108108108108
0.49,0.05499999999999988,0.5,400,1.0273513513513512,42.07491891891892,40.95475113122172,41.79535135135135,0.12972972972972974
0.49,0.09499999999999992,0.5,400,1.0045405405405405,35.40789189189189,35.24784761084804,34.443243243243245,6.54054054054054
0.49,0.04999999999999988,0.5,400,1.0152432432432432,42.75210810810811,42.11021190501544,42.71243243243243,0.07567567567567568
0.49,0.08999999999999991,0.5,400,0.9971891891891892,36.155675675675674,36.25758889852558,35.380540540540544,6.194594594594594
0.49,0.08499999999999991,0.5,400,1.0023783783783784,36.94908108108108,36.861410698878345,36.2667027027027,5.437837837837838
0.49,0.04499999999999987,0.5,400,1.0136216216216216,43.49286486486486,42.908383105802045,43.471135135135135,0.021621621621621623
0.49,0.03999999999999987,0.5,400,1.0142702702702702,44.248108108108106,43.62555958217864,44.231027027027025,0.032432432432432434
0.49,0.034999999999999865,0.5,400,1.0113513513513515,44.95264864864865,44.448102618920366,44.940108108108106,0.0
0.49,0.024999999999999856,0.5,400,1.0102702702702702,46.19632432432432,45.7266987693954,46.18583783783784,0.0
0.49,0.009999999999999842,0.5,400,1.0094054054054054,48.419135135135136,47.967976866231126,48.40864864864865,0.0
0.49,0.004999999999999838,0.5,400,1.0102702702702702,48.96778378378379,48.46998394863564,48.95708108108108,0.0
0.485,0.19,0.5,400,0.8651891891891892,25.3827027027027,29.337748344370862,24.60291891891892,21.524324324324326
0.485,0.18,0.5,400,0.8683243243243243,26.14454054054054,30.109188247011954,25.312432432432434,21.113513513513514
0.485,0.16499999999999998,0.5,400,0.9091891891891892,28.143351351351352,30.954340071343637,27.538486486486487,15.643243243243242
0.49,0.02999999999999986,0.5,400,1.013189189189189,45.682810810810814,45.08813486982501,45.66908108108108,0.0
0.485,0.15999999999999998,0.5,400,0.919027027027027,28.57318918918919,31.09069521232796,27.90118918918919,14.91891891891892
0.485,0.14999999999999997,0.5,400,0.924,29.23027027027027,31.634491634491635,28.425945945945944,14.875675675675677
0.485,0.15499999999999997,0.5,400,0.9218378378378378,28.907243243243244,31.358273718775653,28.162378378378378,14.875675675675677
0.49,0.01999999999999985,0.5,400,1.0114594594594595,46.88356756756757,46.35239418554938,46.872,0.0
0.49,0.014999999999999847,0.5,400,1.0111351351351352,47.743675675675675,47.217898000641505,47.731567567567566,0.0
0.485,0.2,0.5,400,0.8469189189189189,24.78010810810811,29.259126882818485,24.19491891891892,21.556756756756755
0.485,0.195,0.5,400,0.8522162162162162,25.07124324324324,29.41887606241279,24.406594594594594,21.57837837837838
0.485,0.14499999999999996,0.5,400,0.927027027027027,29.56118918918919,31.888163265306122,28.702594594594594,14.67027027027027
0.485,0.185,0.5,400,0.870054054054054,25.740216216216215,29.584617296222664,24.897297297297296,21.32972972972973
0.485,0.13999999999999996,0.5,400,0.9277837837837838,29.90745945945946,32.235376369144724,29.025297297297296,14.583783783783783
0.485,0.175,0.5,400,0.8565405405405405,26.62345945945946,31.082544490723212,25.982486486486486,20.962162162162162
0.485,0.16999999999999998,0.5,400,0.8890810810810811,27.504,30.935311284046694,26.950486486486486,17.437837837837836
0.485,0.13499999999999995,0.5,400,0.9063783783783784,30.541945945945947,33.696684160305345,30.02054054054054,14.475675675675676
0.485,0.12999999999999995,0.5,400,0.9,31.123243243243245,34.581381381381384,30.84,13.978378378378379
0.485,0.12499999999999994,0.5,400,0.9223783783783783,31.746378378378378,34.417955930614156,31.277837837837836,13.481081081081081
0.485,0.11499999999999994,0.5,400,0.9578378378378378,32.86994594594594,34.316817155756205,32.139675675675676,11.448648648648648
0.485,0.10999999999999993,0.5,400,0.9957837837837837,33.86821621621622,34.011616545434805,33.0347027027027,7.7405405405405405
0.485,0.10499999999999993,0.5,400,1.004,34.31891891891892,34.18219015828578,33.42410810810811,7.135135135135135
0.485,0.0799999999999999,0.5,400,1.0100540540540541,37.728324324324326,37.352777480466656,37.282486486486484,3.9135135135135135
0.485,0.0699999999999999,0.5,400,1.0405405405405406,39.65481081081081,38.109818181818184,39.20075675675675,0.6054054054054054
0.485,0.05499999999999988,0.5,400,1.0235675675675675,42.00745945945946,41.04024081115336,41.80972972972973,0.1945945945945946
0.485,0.04999999999999988,0.5,400,1.0143783783783784,42.67881081081081,42.073856975381005,42.63816216216216,0.11891891891891893
0.485,0.11999999999999994,0.5,400,0.9311351351351351,32.18637837837838,34.56681760130036,31.603459459459458,13.286486486486487
0.485,0.04499999999999987,0.5,400,1.0155675675675675,43.40735135135135,42.74196295507771,43.38086486486486,0.032432432432432434
0.485,0.03999999999999987,0.5,400,1.015027027027027,44.128324324324325,43.47502396421344,44.10627027027027,0.021621621621621623
0.485,0.09999999999999992,0.5,400,1.0007567567567568,34.758162162162165,34.73187857837312,33.824864864864864,6.994594594594594
0.485,0.09499999999999992,0.5,400,1.0016216216216216,35.2865945945946,35.22946573124663,34.39167567567568,6.486486486486487
0.485,0.034999999999999865,0.5,400,1.0122162162162163,44.843783783783785,44.30257396133718,44.83081081081081,0.0
0.485,0.02999999999999986,0.5,400,1.0151351351351352,45.534486486486486,44.8555910543131,45.518594594594596,0.0
0.485,0.08999999999999991,0.5,400,0.9943783783783784,35.976864864864865,36.18025657751685,35.303891891891894,6.172972972972973
0.485,0.08499999999999991,0.5,400,0.9977297297297297,36.81556756756757,36.899339039982664,36.27816216216216,5.34054054054054
0.485,0.0749999999999999,0.5,400,1.0274594594594595,38.886162162162165,37.84690656565657,38.618162162162164,0.9081081081081082
0.485,0.05999999999999989,0.5,400,1.0394594594594595,41.24162162162162,39.676027041081646,40.77816216216216,0.2594594594594595
0.485,0.024999999999999856,0.5,400,1.0116756756756757,46.09124324324324,45.559307544347085,46.078918918918916,0.0
0.485,0.06499999999999989,0.5,400,1.0442162162162163,40.33697297297297,38.62894709597267,39.79762162162162,0.572972972972973
0.485,0.01999999999999985,0.5,400,1.009081081081081,46.746702702702706,46.326012427683736,46.73718918918919,0.0
0.485,0.014999999999999847,0.5,400,1.0117837837837838,47.55491891891892,47.00106849022332,47.54172972972973,0.0
0.485,0.009999999999999842,0.5,400,1.0101621621621621,48.29675675675676,47.810894691780824,48.28627027027027,0.0
0.48,0.2,0.5,400,0.8431351351351352,24.657405405405406,29.244903192717015,24.098054054054053,21.63243243243243
0.48,0.195,0.5,400,0.8461621621621621,24.91956756756757,29.450108598441293,24.313405405405405,21.654054054054054
0.48,0.18,0.5,400,0.8708108108108108,25.96356756756757,29.815394165114835,25.118054054054053,21.18918918918919
0.48,0.175,0.5,400,0.853945945945946,26.449513513513512,30.973287757944043,25.830594594594594,20.94054054054054
0.48,0.14999999999999997,0.5,400,0.9250810810810811,29.104324324324324,31.461376650695335,28.328756756756757,14.713513513513513
0.48,0.13999999999999996,0.5,400,0.9283243243243243,29.768216216216217,32.06661232095028,28.878594594594595,14.756756756756756
0.485,0.004999999999999838,0.5,400,1.0107027027027027,48.853405405405404,48.33607872499733,48.842486486486486,0.0
0.48,0.13499999999999995,0.5,400,0.923027027027027,30.23891891891892,32.76059967205435,29.453945945945947,14.508108108108107
0.48,0.19,0.5,400,0.856,25.2132972972973,29.454786562263198,24.51135135135135,21.61081081081081
0.48,0.185,0.5,400,0.8649729729729729,25.534378378378378,29.520434945631795,24.74389189189189,21.427027027027027
0.48,0.12999999999999995,0.5,400,0.8918918918918919,30.9467027027027,34.697818181818185,30.709621621621622,14.27027027027027
0.48,0.12499999999999994,0.5,400,0.9019459459459459,31.46627027027027,34.887090974469615,31.172324324324325,13.664864864864866
0.48,0.16999999999999998,0.5,400,0.8664864864864865,27.040432432432432,31.20698689956332,26.483243243243244,19.783783783783782
0.48,0.11999999999999994,0.5,400,0.9217297297297298,32.00313513513513,34.72073657049027,31.489513513513515,13.416216216216217
0.48,0.16499999999999998,0.5,400,0.9064864864864864,27.963243243243245,30.847942754919497,27.39091891891892,15.805405405405406
0.48,0.11499999999999994,0.5,400,0.9411891891891891,32.57610810810811,34.61164713990352,31.933513513513514,12.367567567567567
0.48,0.10999999999999993,0.5,400,0.9954594594594595,33.73081081081081,33.88466550825369,32.94616216216216,7.718918918918919
0.48,0.15999999999999998,0.5,400,0.9156756756756756,28.40918918918919,31.02538370720189,27.779243243243243,15.18918918918919
0.48,0.15499999999999997,0.5,400,0.9219459459459459,28.776756756756757,31.213062851782365,28.071135135135137,14.897297297297298
0.48,0.14499999999999996,0.5,400,0.9250810810810811,29.428432432432434,31.811733084024777,28.597405405405404,14.702702702702704
0.48,0.10499999999999993,0.5,400,1.0016216216216216,34.20864864864865,34.153264975715054,33.337513513513514,7.210810810810811
0.48,0.09999999999999992,0.5,400,1.0044324324324325,34.62691891891892,34.474114734689486,33.69891891891892,6.8432432432432435
0.48,0.08999999999999991,0.5,400,0.9989189189189189,35.808324324324325,35.84707792207792,35.002702702702706,6.335135135135135
0.48,0.05999999999999989,0.5,400,1.039027027027027,41.13935135135135,39.594110914577044,40.758162162162165,0.22702702702702704
0.48,0.0749999999999999,0.5,400,1.0274594594594595,38.66908108108108,37.63562710437711,38.37827027027027,1.0702702702702702
0.48,0.0699999999999999,0.5,400,1.037081081081081,39.51881081081081,38.10580631710622,39.144864864864864,0.5945945945945946
0.48,0.04999999999999988,0.5,400,1.0135135135135136,42.56410810810811,41.996586666666666,42.54637837837838,0.10810810810810811
0.48,0.04499999999999987,0.5,400,1.012972972972973,43.27805405405405,42.723799359658486,43.26183783783784,0.043243243243243246
0.48,0.024999999999999856,0.5,400,1.0098378378378379,46.01902702702703,45.57070977411412,46.00886486486486,0.0
0.48,0.09499999999999992,0.5,400,1.0094054054054054,35.10583783783784,34.77872978472743,34.13513513513514,6.4972972972972975
0.48,0.01999999999999985,0.5,400,1.0104864864864864,46.588972972972975,46.10548839199743,46.578270270270274,0.0
0.48,0.08499999999999991,0.5,400,0.9936216216216216,36.628324324324325,36.86345337830486,36.06843243243243,5.837837837837838
0.48,0.0799999999999999,0.5,400,1.0086486486486486,37.61935135135135,37.2967845659164,37.19935135135135,3.9675675675675675
0.48,0.014999999999999847,0.5,400,1.0117837837837838,47.427567567567564,46.87520034191687,47.41502702702703,0.0
0.48,0.06499999999999989,0.5,400,1.0347027027027027,40.096,38.75122766691046,39.72313513513514,0.5297297297297298
0.48,0.05499999999999988,0.5,400,1.0265945945945947,41.88605405405406,40.80096882898062,41.61221621621622,0.1837837837837838
0.48,0.009999999999999842,0.5,400,1.0108108108108107,48.141513513513516,47.62663101604278,48.13037837837838,0.0
0.475,0.195,0.5,400,0.8452972972972973,24.79945945945946,29.338150658652,24.22183783783784,21.56756756756757
0.475,0.2,0.5,400,0.8445405405405405,24.52681081081081,29.041602662570405,23.993945945945946,21.6
0.48,0.03999999999999987,0.5,400,1.0137297297297296,43.988324324324324,43.39255625466567,43.97091891891892,0.021621621621621623
0.48,0.004999999999999838,0.5,400,1.0099459459459459,48.72583783783784,48.245985870263326,48.71545945945946,0.0
0.48,0.034999999999999865,0.5,400,1.0126486486486486,44.742378378378376,44.18351660083271,44.728324324324326,0.0
0.475,0.19,0.5,400,0.8465945945945946,25.063027027027026,29.604520495466733,24.42908108108108,21.61081081081081
0.48,0.02999999999999986,0.5,400,1.0132972972972973,45.43805405405406,44.84177957964366,45.424324324324324,0.0
0.475,0.185,0.5,400,0.8574054054054054,25.399675675675677,29.623880973395536,24.67772972972973,21.589189189189188
0.475,0.175,0.5,400,0.8607567567567568,26.216,30.45692037176589,25.471243243243244,21.027027027027028
0.475,0.15999999999999998,0.5,400,0.9130810810810811,28.247567567567568,30.93653800615676,27.663243243243244,15.156756756756756
0.475,0.14499999999999996,0.5,400,0.9261621621621622,29.29372972972973,31.629158398505894,28.483891891891894,14.702702702702704
0.475,0.13999999999999996,0.5,400,0.9274594594594595,29.641297297297296,31.95966895908614,28.776756756756757,14.724324324324325
0.475,0.11499999999999994,0.5,400,0.9354594594594594,32.37091891891892,34.60429908702184,31.78508108108108,12.562162162162162
0.475,0.13499999999999995,0.5,400,0.9182702702702703,30.119567567567568,32.80032964445491,29.400108108108107,14.627027027027028
0.475,0.12499999999999994,0.5,400,0.8937297297297297,31.275243243243242,34.994072819644366,31.041945945945947,13.924324324324324
0.475,0.18,0.5,400,0.8686486486486487,25.79243243243243,29.692594897324206,24.972756756756755,21.2
0.475,0.10499999999999993,0.5,400,1.0018378378378379,34.09243243243243,34.02989101111471,33.26691891891892,7.221621621621622
0.475,0.16999999999999998,0.5,400,0.8595675675675676,26.831891891891892,31.215570368507105,26.307027027027026,20.032432432432433
0.475,0.16499999999999998,0.5,400,0.9028108108108108,27.787891891891892,30.77930786732128,27.249513513513513,16.01081081081081
0.475,0.15499999999999997,0.5,400,0.9219459459459459,28.646594594594596,31.0718808630394,27.983675675675677,14.78918918918919
0.475,0.09999999999999992,0.5,400,1.0023783783783784,34.492,34.41015962036238,33.59578378378379,7.037837837837838
0.475,0.14999999999999997,0.5,400,0.9232432432432433,28.964756756756756,31.372833723653397,28.23091891891892,14.68108108108108
0.475,0.09499999999999992,0.5,400,1.0042162162162163,34.99481081081081,34.84788459468188,34.08789189189189,6.605405405405405
0.475,0.12999999999999995,0.5,400,0.8905945945945946,30.79881081081081,34.58230152949745,30.580648648648648,14.12972972972973
0.475,0.08999999999999991,0.5,400,0.9971891891891892,35.634594594594596,35.73503902862099,34.867891891891894,6.410810810810811
0.475,0.11999999999999994,0.5,400,0.916108108108108,31.815243243243245,34.728699551569505,31.403027027027026,13.448648648648648
0.475,0.10999999999999993,0.5,400,0.9844324324324324,33.42335135135135,33.951899846255216,32.68389189189189,8.735135135135135
0.475,0.08499999999999991,0.5,400,0.9949189189189189,36.444540540540544,36.630663913941106,35.85535135135135,5.7405405405405405
0.475,0.0799999999999999,0.5,400,1.000108108108108,37.34281081081081,37.338774186574426,37.00075675675676,4.27027027027027
0.475,0.0749999999999999,0.5,400,1.0220540540540541,38.604324324324324,37.77131372963825,38.40216216216216,1.0918918918918918
0.475,0.0699999999999999,0.5,400,1.0268108108108107,39.31135135135135,38.2849020846494,39.054162162162164,0.7027027027027027
0.475,0.05999999999999989,0.5,400,1.0340540540540542,40.89708108108108,39.550235232618924,40.55535135135135,0.33513513513513515
0.475,0.03999999999999987,0.5,400,1.0113513513513515,43.87513513513513,43.38268305718867,43.85762162162162,0.021621621621621623
0.475,0.02999999999999986,0.5,400,1.012108108108108,45.28140540540541,44.73969237342448,45.26886486486487,0.0
0.475,0.01999999999999985,0.5,400,1.0094054054054054,46.503027027027024,46.06972260897505,46.493297297297296,0.0
0.475,0.004999999999999838,0.5,400,1.0095135135135136,48.61481081081081,48.156671664167916,48.6052972972973,0.0
0.47,0.2,0.5,400,0.841081081081081,24.391675675675675,29.00038560411311,23.886378378378378,21.686486486486487
0.47,0.195,0.5,400,0.8425945945945946,24.66972972972973,29.278290993071593,24.127891891891892,21.654054054054054
0.47,0.19,0.5,400,0.8425945945945946,24.92108108108108,29.576597382602003,24.33989189189189,21.6
0.475,0.06499999999999989,0.5,400,1.0355675675675675,40.08691891891892,38.710094999478024,39.726486486486486,0.4756756756756757
0.475,0.05499999999999988,0.5,400,1.0243243243243243,41.794486486486484,40.802005277044856,41.6147027027027,0.16216216216216217
0.475,0.04999999999999988,0.5,400,1.0155675675675675,42.436864864864866,41.78635299127102,42.3732972972973,0.07567567567567568
0.47,0.185,0.5,400,0.8484324324324324,25.210054054054055,29.71368501529052,24.557297297297296,21.654054054054054
0.475,0.04499999999999987,0.5,400,1.0151351351351352,43.16421621621622,42.52066027689031,43.12627027027027,0.043243243243243246
0.475,0.034999999999999865,0.5,400,1.0134054054054054,44.62227027027027,44.03200341369746,44.60745945945946,0.010810810810810811
0.47,0.18,0.5,400,0.8541621621621621,25.595027027027026,29.96506771294773,24.929405405405404,21.45945945945946
0.475,0.024999999999999856,0.5,400,1.0114594594594595,45.852108108108105,45.332620778110304,45.84032432432432,0.0
0.475,0.014999999999999847,0.5,400,1.0096216216216216,47.25037837837838,46.80008566227647,47.24021621621622,0.0
0.47,0.175,0.5,400,0.8604324324324324,26.067675675675677,30.296017087573816,25.365405405405404,21.08108108108108
0.475,0.009999999999999842,0.5,400,1.0103783783783784,48.02583783783784,47.53252728439974,48.01459459459459,0.0
0.47,0.16999999999999998,0.5,400,0.853081081081081,26.584,31.162336839437334,26.06681081081081,20.55135135135135
0.47,0.16499999999999998,0.5,400,0.8895135135135135,27.464972972972973,30.87639766650462,26.977513513513514,16.972972972972972
0.47,0.15999999999999998,0.5,400,0.9096216216216216,28.07383783783784,30.863204183503683,27.52972972972973,15.448648648648648
0.47,0.15499999999999997,0.5,400,0.918054054054054,28.49427027027027,31.037682524729156,27.876648648648647,14.962162162162162
0.47,0.14999999999999997,0.5,400,0.9251891891891892,28.840216216216216,31.17223650385604,28.14291891891892,14.745945945945946
0.47,0.12999999999999995,0.5,400,0.896972972972973,30.57027027027027,34.08159575750271,30.20335135135135,14.389189189189189
0.47,0.11499999999999994,0.5,400,0.9227027027027027,32.10454054054054,34.79402460456942,31.634810810810812,13.07027027027027
0.47,0.08999999999999991,0.5,400,0.998054054054054,35.495891891891894,35.56509965337955,34.760108108108106,6.129729729729729
0.47,0.09999999999999992,0.5,400,1.0005405405405405,34.392648648648645,34.374068071312806,33.53621621621622,7.048648648648649
0.47,0.08499999999999991,0.5,400,0.996,36.27708108108108,36.42277216976012,35.681513513513515,5.675675675675675
0.47,0.14499999999999996,0.5,400,0.9258378378378378,29.174594594594595,31.511560018682857,28.39772972972973,14.659459459459459
0.47,0.0799999999999999,0.5,400,1.002810810810811,37.33156756756757,37.22692971108236,37.00075675675676,3.902702702702703
0.47,0.13999999999999996,0.5,400,0.9290810810810811,29.49437837837838,31.745752850826157,28.66345945945946,14.594594594594595
0.47,0.0749999999999999,0.5,400,1.0197837837837838,38.39427027027027,37.64942224106859,38.166378378378376,1.2972972972972974
0.47,0.0699999999999999,0.5,400,1.023027027027027,39.106054054054056,38.22582690478706,38.94432432432433,0.518918918918919
0.47,0.13499999999999995,0.5,400,0.9258378378378378,29.91027027027027,32.30616534329752,29.082054054054055,14.421621621621622
0.47,0.12499999999999994,0.5,400,0.8884324324324324,31.084972972972974,34.98856169384278,30.92864864864865,13.87027027027027
0.47,0.11999999999999994,0.5,400,0.9042162162162162,31.579351351351352,34.92455762792922,31.31708108108108,13.35135135135135
0.47,0.06499999999999989,0.5,400,1.0261621621621622,39.748756756756755,38.73535608933839,39.50183783783784,0.4756756756756757
0.47,0.10499999999999993,0.5,400,1.0012972972972973,33.96908108108108,33.92507017922695,33.19005405405405,7.081081081081081
0.47,0.10999999999999993,0.5,400,0.9722162162162162,33.15210810810811,34.09952185032803,32.50583783783784,9.35135135135135
0.47,0.09499999999999992,0.5,400,1.0007567567567568,34.88594594594595,34.85956573403911,34.04637837837838,6.735135135135135
0.47,0.05999999999999989,0.5,400,1.027027027027027,40.60291891891892,39.53442105263158,40.38227027027027,0.2594594594594595
0.47,0.05499999999999988,0.5,400,1.028,41.6667027027027,40.531811967609634,41.47524324324324,0.10810810810810811
0.47,0.04499999999999987,0.5,400,1.013081081081081,43.03589189189189,42.48020488741863,43.01632432432432,0.05405405405405406
0.47,0.04999999999999988,0.5,400,1.0107027027027027,42.378054054054054,41.92929725104289,42.35610810810811,0.12972972972972974
0.47,0.034999999999999865,0.5,400,1.0125405405405405,44.4694054054054,43.91864189622037,44.45502702702703,0.0
0.47,0.024999999999999856,0.5,400,1.0114594594594595,45.76281081081081,45.244335185976915,45.75081081081081,0.0
0.47,0.01999999999999985,0.5,400,1.010918918918919,46.38324324324324,45.88225858196984,46.37156756756757,0.0
0.46499999999999997,0.2,0.5,400,0.8431351351351352,24.26227027027027,28.77625336581613,23.77891891891892,21.513513513513512
0.46499999999999997,0.18,0.5,400,0.8471351351351352,25.433621621621622,30.023098519652883,24.815459459459458,21.491891891891893
0.46499999999999997,0.175,0.5,400,0.859027027027027,25.86291891891892,30.10722376038258,25.162054054054053,21.113513513513514
0.46499999999999997,0.16999999999999998,0.5,400,0.8509189189189189,26.324216216216215,30.936221572862408,25.728864864864864,21.135135135135137
0.47,0.03999999999999987,0.5,400,1.012108108108108,43.77243243243243,43.24877162999359,43.75935135135135,0.010810810810810811
0.46499999999999997,0.16499999999999998,0.5,400,0.8655135135135135,27.010162162162164,31.207094678990757,26.554054054054053,19.048648648648648
0.46499999999999997,0.15999999999999998,0.5,400,0.9064864864864864,27.90227027027027,30.78067978533095,27.387351351351352,15.47027027027027
0.47,0.02999999999999986,0.5,400,1.0100540540540541,45.12972972972973,44.680509472332226,45.11935135135135,0.0
0.47,0.014999999999999847,0.5,400,1.0100540540540541,47.043351351351355,46.57508294980199,47.03254054054054,0.0
0.47,0.009999999999999842,0.5,400,1.0104864864864864,47.8947027027027,47.39766770086659,47.883783783783784,0.0
0.47,0.004999999999999838,0.5,400,1.0097297297297296,48.47524324324324,48.00813704496788,48.46518918918919,0.0
0.46499999999999997,0.14999999999999997,0.5,400,0.9194594594594595,28.701945945945948,31.216108171663727,28.053837837837836,14.778378378378378
0.46499999999999997,0.15499999999999997,0.5,400,0.9158918918918919,28.356216216216215,30.960221907459868,27.777513513513515,14.864864864864865
0.46499999999999997,0.14499999999999996,0.5,400,0.9246486486486486,29.03891891891892,31.405354846252777,28.301189189189188,14.745945945945946
0.46499999999999997,0.195,0.5,400,0.8423783783783784,24.547243243243244,29.140400410677618,24.033513513513512,21.57837837837838
0.46499999999999997,0.19,0.5,400,0.8425945945945946,24.811027027027027,29.44598409032589,24.245945945945945,21.697297297297297
0.46499999999999997,0.185,0.5,400,0.8452972972972973,25.08118918918919,29.671441360787824,24.477621621621623,21.664864864864864
0.46499999999999997,0.13499999999999995,0.5,400,0.9273513513513514,29.732432432432432,32.06166938680345,28.88,14.691891891891892
0.46499999999999997,0.12999999999999995,0.5,400,0.9130810810810811,30.288,33.171205304286055,29.688864864864865,14.27027027027027
0.46499999999999997,0.13999999999999996,0.5,400,0.9271351351351351,29.373405405405407,31.681902985074625,28.56281081081081,14.691891891891892
0.46499999999999997,0.11999999999999994,0.5,400,0.8912432432432432,31.35654054054054,35.18292091217855,31.205837837837837,13.437837837837838
0.46499999999999997,0.11499999999999994,0.5,400,0.9139459459459459,31.890054054054055,34.892713508398394,31.524540540540542,13.167567567567568
0.46499999999999997,0.08999999999999991,0.5,400,0.9991351351351352,35.35167567567568,35.38227656351439,34.58983783783784,6.140540540540541
0.46499999999999997,0.08499999999999991,0.5,400,0.993945945945946,36.08497297297297,36.304763976506415,35.51437837837838,5.794594594594595
0.46499999999999997,0.0799999999999999,0.5,400,0.9988108108108108,37.13145945945946,37.17566836237688,36.80248648648649,4.162162162162162
0.46499999999999997,0.12499999999999994,0.5,400,0.8878918918918919,30.940756756756755,34.84743699013759,30.788324324324325,13.902702702702703
0.46499999999999997,0.05499999999999988,0.5,400,1.0258378378378379,41.44291891891892,40.399093687427545,41.26032432432432,0.17297297297297298
0.46499999999999997,0.05999999999999989,0.5,400,1.025945945945946,40.490162162162164,39.46617492096944,40.29394594594594,0.1945945945945946
0.46499999999999997,0.04999999999999988,0.5,400,1.0162162162162163,42.23718918918919,41.5631914893617,42.198054054054055,0.0972972972972973
0.46499999999999997,0.04499999999999987,0.5,400,1.0143783783783784,42.91145945945946,42.30320792923372,42.89318918918919,0.032432432432432434
0.46499999999999997,0.10999999999999993,0.5,400,0.9652972972972973,32.8987027027027,34.08142009183559,32.32345945945946,9.762162162162163
0.46499999999999997,0.03999999999999987,0.5,400,1.0145945945945947,43.61427027027027,42.986893979754925,43.59578378378379,0.032432432432432434
0.46499999999999997,0.10499999999999993,0.5,400,0.9995675675675676,33.8054054054054,33.82003028336578,33.075783783783784,7.145945945945946
0.46499999999999997,0.09999999999999992,0.5,400,1.002918918918919,34.26227027027027,34.162552549315514,33.43459459459459,7.0162162162162165
0.46499999999999997,0.09499999999999992,0.5,400,1.0014054054054053,34.75308108108108,34.70430745978624,33.92508108108108,6.65945945945946
0.46499999999999997,0.02999999999999986,0.5,400,1.0116756756756757,45.045405405405404,44.52553964522334,45.03297297297297,0.0
0.46499999999999997,0.034999999999999865,0.5,400,1.011027027027027,44.35178378378378,43.868049615055604,44.33697297297297,0.0
0.46499999999999997,0.0749999999999999,0.5,400,1.026918918918919,38.33632432432432,37.33140330561112,38.08486486486486,0.9081081081081082
0.46499999999999997,0.0699999999999999,0.5,400,1.0235675675675675,38.88518918918919,37.98986058301648,38.69156756756757,0.5621621621621622
0.46499999999999997,0.06499999999999989,0.5,400,1.0244324324324325,39.60767567567567,38.66304347826087,39.42702702702703,0.4864864864864865
0.46499999999999997,0.024999999999999856,0.5,400,1.0107027027027027,45.66864864864865,45.18504652904054,45.657513513513514,0.0
0.46499999999999997,0.014999999999999847,0.5,400,1.010918918918919,46.92,46.41321783766442,46.90875675675676,0.0
0.46499999999999997,0.009999999999999842,0.5,400,1.0101621621621621,47.66216216216216,47.182684075342465,47.65037837837838,0.0
0.46499999999999997,0.004999999999999838,0.5,400,1.0095135135135136,48.353945945945945,47.898265153137714,48.34421621621622,0.0
0.45999999999999996,0.19,0.5,400,0.8414054054054054,24.682054054054053,29.33431838622639,24.149405405405407,21.686486486486487
0.45999999999999996,0.2,0.5,400,0.8391351351351352,24.104432432432432,28.725328523576398,23.664972972972972,21.74054054054054
0.45999999999999996,0.16999999999999998,0.5,400,0.8481081081081081,26.203675675675676,30.896622052262586,25.67145945945946,20.983783783783785
0.45999999999999996,0.16499999999999998,0.5,400,0.8483243243243244,26.664864864864864,31.43239454568625,26.255783783783784,20.313513513513513
0.45999999999999996,0.14499999999999996,0.5,400,0.923027027027027,28.908,31.318692902319043,28.208648648648648,14.8
0.46499999999999997,0.01999999999999985,0.5,400,1.0099459459459459,46.26367567567568,45.8080710768572,46.253189189189186,0.0
0.45999999999999996,0.13999999999999996,0.5,400,0.9275675675675675,29.258378378378378,31.543123543123542,28.477621621621623,14.594594594594595
0.45999999999999996,0.13499999999999995,0.5,400,0.9272432432432433,29.633945945945946,31.959193191092456,28.83264864864865,14.54054054054054
0.45999999999999996,0.195,0.5,400,0.8403243243243244,24.419243243243244,29.059307860542905,23.92962162162162,21.654054054054054
0.45999999999999996,0.185,0.5,400,0.8452972972972973,24.952108108108106,29.518736411305795,24.371027027027026,21.437837837837836
0.45999999999999996,0.12999999999999995,0.5,400,0.9073513513513514,30.196648648648647,33.279995234123675,29.65718918918919,14.497297297297298
0.45999999999999996,0.12499999999999994,0.5,400,0.8884324324324324,30.776756756756757,34.64164030177659,30.596756756756758,13.924324324324324
0.45999999999999996,0.18,0.5,400,0.8468108108108108,25.213945945945945,29.775181922635007,24.586054054054053,21.63243243243243
0.45999999999999996,0.175,0.5,400,0.8497297297297297,25.627135135135134,30.159160305343512,24.97935135135135,21.35135135135135
0.45999999999999996,0.11999999999999994,0.5,400,0.8902702702702703,31.231459459459458,35.08087431693989,31.095135135135134,13.47027027027027
0.45999999999999996,0.15999999999999998,0.5,400,0.8948108108108108,27.65491891891892,30.905883774314365,27.195891891891893,15.881081081081081
0.45999999999999996,0.15499999999999997,0.5,400,0.9144864864864864,28.21610810810811,30.854592741458802,27.67308108108108,14.897297297297298
0.45999999999999996,0.14999999999999997,0.5,400,0.9195675675675675,28.570594594594596,31.069597930872327,27.951135135135136,14.821621621621622
0.45999999999999996,0.11499999999999994,0.5,400,0.9041081081081082,31.66637837837838,35.02499103192634,31.418054054054053,13.362162162162162
0.45999999999999996,0.10999999999999993,0.5,400,0.9402162162162162,32.46248648648648,34.52661837415201,31.973297297297297,11.427027027027027
0.45999999999999996,0.10499999999999993,0.5,400,0.9914594594594595,33.61005405405405,33.89957474648348,32.972972972972975,7.275675675675676
0.45999999999999996,0.09499999999999992,0.5,400,1.0045405405405405,34.58497297297297,34.42864829961257,33.72356756756757,6.6702702702702705
0.45999999999999996,0.08999999999999991,0.5,400,1.0019459459459459,35.18064864864865,35.11232196806215,34.361513513513515,6.281081081081081
0.45999999999999996,0.0699999999999999,0.5,400,1.023027027027027,38.91016216216216,38.03434428828067,38.7692972972973,0.5945945945945946
0.45999999999999996,0.0749999999999999,0.5,400,1.0162162162162163,38.09232432432432,37.484468085106386,37.8972972972973,1.3837837837837839
0.45999999999999996,0.05499999999999988,0.5,400,1.0235675675675675,41.070594594594596,40.124947190536545,40.92086486486487,0.17297297297297298
0.45999999999999996,0.09999999999999992,0.5,400,0.9997837837837837,34.14183783783784,34.1492214532872,33.36486486486486,7.059459459459459
0.45999999999999996,0.034999999999999865,0.5,400,1.0140540540540541,44.270162162162165,43.656609808102345,44.255135135135134,0.0
0.45999999999999996,0.024999999999999856,0.5,400,1.009189189189189,45.50735135135135,45.09298339582217,45.49772972972973,0.0
0.45999999999999996,0.02999999999999986,0.5,400,1.0107027027027027,44.87848648648649,44.403251684672156,44.867243243243244,0.0
0.45999999999999996,0.01999999999999985,0.5,400,1.0085405405405405,46.12627027027027,45.73566298638654,46.11740540540541,0.0
0.45999999999999996,0.08499999999999991,0.5,400,0.9823783783783784,36.05654054054054,36.703312424342464,35.63481081081081,5.956756756756757
0.45999999999999996,0.0799999999999999,0.5,400,0.9863783783783784,37.02118918918919,37.53244191144235,36.85254054054054,4.194594594594594
0.45999999999999996,0.014999999999999847,0.5,400,1.0098378378378379,46.74356756756757,46.28819184241516,46.733405405405406,0.0
0.45999999999999996,0.06499999999999989,0.5,400,1.0178378378378379,39.492216216216214,38.800106213489116,39.37275675675676,0.4756756756756757
0.45999999999999996,0.05999999999999989,0.5,400,1.0212972972972973,40.20335135135135,39.364983592674925,40.09372972972973,0.24864864864864866
0.45999999999999996,0.009999999999999842,0.5,400,1.0108108108108107,47.5892972972973,47.08032085561497,47.57794594594595,0.0
0.45999999999999996,0.004999999999999838,0.5,400,1.0087567567567568,48.21243243243243,47.79391276390526,48.203675675675676,0.0
0.45499999999999996,0.2,0.5,400,0.8341621621621622,23.9372972972973,28.696215655780197,23.552,21.664864864864864
0.45999999999999996,0.04999999999999988,0.5,400,1.0165405405405405,42.11967567567567,41.4343294693183,42.04972972972973,0.043243243243243246
0.45999999999999996,0.04499999999999987,0.5,400,1.0140540540540541,42.789297297297296,42.19626865671642,42.770270270270274,0.010810810810810811
0.45999999999999996,0.03999999999999987,0.5,400,1.013189189189189,43.53243243243243,42.9657490396927,43.518594594594596,0.021621621621621623
0.45499999999999996,0.185,0.5,400,0.8404324324324325,24.828756756756757,29.542835091330076,24.278054054054053,21.708108108108107
0.45499999999999996,0.19,0.5,400,0.8403243243243244,24.5652972972973,29.23311462755693,24.06345945945946,21.643243243243244
0.45499999999999996,0.18,0.5,400,0.8431351351351352,25.109405405405404,29.78099756379023,24.52691891891892,21.545945945945945
0.45499999999999996,0.175,0.5,400,0.8389189189189189,25.47091891891892,30.361597938144328,24.929513513513513,21.44864864864865
0.45499999999999996,0.15999999999999998,0.5,400,0.881945945945946,27.380108108108107,31.045109095366513,26.9692972972973,16.897297297297296
0.45499999999999996,0.14499999999999996,0.5,400,0.9178378378378378,28.76518918918919,31.340164899882215,28.118378378378377,14.897297297297298
0.45499999999999996,0.13999999999999996,0.5,400,0.9264864864864865,29.117945945945944,31.42835472578763,28.379567567567566,14.627027027027028
0.45499999999999996,0.13499999999999995,0.5,400,0.9281081081081081,29.479243243243243,31.76272568433314,28.68864864864865,14.52972972972973
0.45499999999999996,0.195,0.5,400,0.8418378378378378,24.27654054054054,28.837549762424555,23.816756756756757,21.556756756756755
0.45499999999999996,0.11499999999999994,0.5,400,0.8888648648648648,31.46162162162162,35.395280953539284,31.337297297297297,13.383783783783784
0.45499999999999996,0.16499999999999998,0.5,400,0.8454054054054054,26.47827027027027,31.320204603580564,26.031027027027026,20.464864864864865
0.45499999999999996,0.16999999999999998,0.5,400,0.8485405405405405,25.921297297297297,30.548095298764174,25.373081081081082,21.037837837837838
0.45499999999999996,0.10999999999999993,0.5,400,0.9123243243243243,32.03027027027027,35.10842516885887,31.73772972972973,12.41081081081081
0.45499999999999996,0.10499999999999993,0.5,400,0.9903783783783784,33.42648648648649,33.75122803187425,32.83664864864865,7.221621621621622
0.45499999999999996,0.09999999999999992,0.5,400,0.9995675675675676,33.98367567567568,33.99837767683322,33.24356756756757,7.091891891891892
0.45499999999999996,0.15499999999999997,0.5,400,0.9091891891891892,28.037297297297297,30.83769322235434,27.546486486486486,15.08108108108108
0.45499999999999996,0.14999999999999997,0.5,400,0.916,28.42864864864865,31.035642629529093,27.860432432432432,14.832432432432432
0.45499999999999996,0.09499999999999992,0.5,400,0.9987027027027027,34.526918918918916,34.571768781121456,33.761945945945946,6.572972972972973
0.45499999999999996,0.08999999999999991,0.5,400,0.9984864864864865,35.019243243243245,35.07232568211347,34.24054054054054,6.464864864864865
0.45499999999999996,0.08499999999999991,0.5,400,0.9892972972972973,35.75989189189189,36.146759916948966,35.19427027027027,6.021621621621621
0.45499999999999996,0.0799999999999999,0.5,400,0.9891891891891892,36.84864864864865,37.25136612021858,36.61794594594595,4.151351351351352
0.45499999999999996,0.12999999999999995,0.5,400,0.9206486486486486,29.970054054054053,32.553193987787694,29.281945945945946,14.313513513513513
0.45499999999999996,0.12499999999999994,0.5,400,0.8895135135135135,30.65297297297297,34.46037919299951,30.4252972972973,14.108108108108109
0.45499999999999996,0.11999999999999994,0.5,400,0.8861621621621621,31.094486486486485,35.08893497621081,30.97935135135135,13.567567567567568
0.45499999999999996,0.0699999999999999,0.5,400,1.0204324324324325,38.70843243243243,37.933361584913655,38.58410810810811,0.7351351351351352
0.45499999999999996,0.05499999999999988,0.5,400,1.0168648648648648,40.903891891891895,40.225494365298744,40.832,0.15135135135135136
0.45499999999999996,0.04499999999999987,0.5,400,1.0125405405405405,42.67827027027027,42.149690369421315,42.662486486486486,0.043243243243243246
0.45499999999999996,0.04999999999999988,0.5,400,1.0187027027027027,41.829945945945944,41.06197601613074,41.75675675675676,0.05405405405405406
0.45499999999999996,0.02999999999999986,0.5,400,1.0107027027027027,44.79362162162162,44.319285485078616,44.78183783783784,0.0
0.45499999999999996,0.024999999999999856,0.5,400,1.0112432432432432,45.40572972972973,44.90089801154586,45.39362162162162,0.0
0.45499999999999996,0.01999999999999985,0.5,400,1.0095135135135136,46.00194594594595,45.56843007067894,45.992,0.0
0.45499999999999996,0.014999999999999847,0.5,400,1.0101621621621621,46.65513513513513,46.18578767123287,46.64454054054054,0.0
0.45499999999999996,0.0749999999999999,0.5,400,1.0148108108108107,37.929405405405404,37.375838926174495,37.788,1.5243243243243243
0.45499999999999996,0.06499999999999989,0.5,400,1.0195675675675675,39.33264864864865,38.57777542148234,39.194702702702706,0.5405405405405406
0.45499999999999996,0.05999999999999989,0.5,400,1.0194594594594595,40.13859459459459,39.37242841993638,40.039027027027025,0.23783783783783785
0.44999999999999996,0.195,0.5,400,0.835027027027027,24.12,28.885292594510616,23.735135135135135,21.762162162162163
0.45499999999999996,0.03999999999999987,0.5,400,1.0140540540540541,43.38010810810811,42.77889125799574,43.362702702702705,0.0
0.45499999999999996,0.034999999999999865,0.5,400,1.012972972972973,44.13556756756757,43.57033084311633,44.121297297297296,0.0
0.44999999999999996,0.185,0.5,400,0.840972972972973,24.702054054054052,29.373184213909244,24.18497297297297,21.6
0.44999999999999996,0.19,0.5,400,0.8402162162162162,24.44043243243243,29.088265568708184,23.975135135135137,21.643243243243244
0.44999999999999996,0.175,0.5,400,0.8429189189189189,25.288864864864866,30.00153905348211,24.710918918918917,21.556756756756755
0.44999999999999996,0.18,0.5,400,0.8414054054054054,24.97708108108108,29.68495438776821,24.416432432432433,21.57837837837838
0.44999999999999996,0.16999999999999998,0.5,400,0.848972972972973,25.67427027027027,30.24156373360499,25.075783783783784,21.09189189189189
0.45499999999999996,0.009999999999999842,0.5,400,1.0097297297297296,47.42918918918919,46.97216274089936,47.41891891891892,0.0
0.44999999999999996,0.16499999999999998,0.5,400,0.8457297297297297,26.24908108108108,31.037198005880096,25.77318918918919,20.778378378378378
0.45499999999999996,0.004999999999999838,0.5,400,1.0092972972972973,48.06356756756757,47.62082262210797,48.054054054054056,0.0
0.44999999999999996,0.2,0.5,400,0.8271351351351351,23.790702702702703,28.76277610769834,23.455783783783783,21.794594594594596
0.44999999999999996,0.15999999999999998,0.5,400,0.8581621621621621,26.944216216216216,31.397581254724113,26.570702702702704,18.94054054054054
0.44999999999999996,0.13999999999999996,0.5,400,0.9235675675675675,28.961837837837837,31.35865620976238,28.27816216216216,14.767567567567568
0.44999999999999996,0.12499999999999994,0.5,400,0.8884324324324324,30.537297297297297,34.37211000243368,30.33654054054054,14.054054054054054
0.44999999999999996,0.11499999999999994,0.5,400,0.8878918918918919,31.34281081081081,35.3002556921953,31.224864864864866,13.383783783783784
0.44999999999999996,0.11999999999999994,0.5,400,0.8844324324324324,30.954810810810812,34.999633296663,30.838918918918917,13.708108108108108
0.44999999999999996,0.10999999999999993,0.5,400,0.9038918918918919,31.808756756756758,35.19088625762468,31.626918918918918,12.616216216216216
0.44999999999999996,0.10499999999999993,0.5,400,0.9663783783783784,33.02097297297297,34.169817652981315,32.615135135135134,8.227027027027027
0.44999999999999996,0.15499999999999997,0.5,400,0.9019459459459459,27.80389189189189,30.826561189020737,27.372108108108108,15.31891891891892
0.44999999999999996,0.09499999999999992,0.5,400,1.0035675675675675,34.32767567567568,34.20564472692018,33.55881081081081,6.713513513513513
0.44999999999999996,0.0799999999999999,0.5,400,0.9924324324324324,36.62086486486486,36.900108932461876,36.309513513513515,4.508108108108108
0.44999999999999996,0.14999999999999997,0.5,400,0.9113513513513514,28.273297297297297,31.023487544483984,27.74227027027027,14.91891891891892
0.44999999999999996,0.14499999999999996,0.5,400,0.9128648648648648,28.62108108108108,31.353031738512552,28.020756756756757,15.05945945945946
0.44999999999999996,0.13499999999999995,0.5,400,0.9267027027027027,29.346054054054054,31.667172188520766,28.561945945945947,14.637837837837838
0.44999999999999996,0.12999999999999995,0.5,400,0.9248648648648649,29.748756756756755,32.16551724137931,28.963135135135136,14.572972972972973
0.44999999999999996,0.0749999999999999,0.5,400,1.0098378378378379,37.7812972972973,37.41323198800985,37.630702702702706,1.9243243243243244
0.44999999999999996,0.0699999999999999,0.5,400,1.017081081081081,38.561189189189186,37.91358418367347,38.45308108108108,0.6594594594594595
0.44999999999999996,0.06499999999999989,0.5,400,1.0144864864864864,39.24702702702703,38.68659420289855,39.18551351351351,0.3675675675675676
0.44999999999999996,0.05999999999999989,0.5,400,1.0193513513513512,39.974486486486484,39.2156114116025,39.872864864864866,0.2702702702702703
0.44999999999999996,0.05499999999999988,0.5,400,1.017189189189189,40.684108108108106,39.99659900095653,40.618702702702706,0.15135135135135136
0.44999999999999996,0.09999999999999992,0.5,400,1.0005405405405405,33.82108108108108,33.802809292274446,33.16551351351352,6.8432432432432435
0.44999999999999996,0.04999999999999988,0.5,400,1.0127567567567568,41.52421621621622,41.001174210076854,41.504,0.043243243243243246
0.44999999999999996,0.08999999999999991,0.5,400,1.0003243243243243,34.943891891891894,34.93256241219064,34.222702702702705,6.248648648648649
0.44999999999999996,0.08499999999999991,0.5,400,0.9914594594594595,35.662594594594594,35.969796096390795,35.11405405405405,5.9135135135135135
0.44999999999999996,0.03999999999999987,0.5,400,1.0115675675675675,43.26486486486486,42.77011862776531,43.252432432432435,0.021621621621621623
0.44999999999999996,0.034999999999999865,0.5,400,1.0134054054054054,44.030054054054055,43.44762107958182,44.01383783783784,0.0
0.44999999999999996,0.004999999999999838,0.5,400,1.0084324324324325,47.94183783783784,47.540951972555746,47.932972972972976,0.0
0.44999999999999996,0.009999999999999842,0.5,400,1.0094054054054054,47.32745945945946,46.88647317125415,47.31686486486486,0.0
0.44499999999999995,0.2,0.5,400,0.828,23.647783783783783,28.56012534273404,23.343027027027027,21.589189189189188
0.44499999999999995,0.195,0.5,400,0.829945945945946,23.953513513513514,28.86153445356259,23.61664864864865,21.654054054054054
0.44999999999999996,0.04499999999999987,0.5,400,1.0122162162162163,42.559135135135136,42.04549823774431,42.53945945945946,0.021621621621621623
0.44499999999999995,0.18,0.5,400,0.8397837837837838,24.85264864864865,29.594104016477857,24.322702702702703,21.697297297297297
0.44499999999999995,0.19,0.5,400,0.8372972972972973,24.293297297297297,29.013944480309878,23.869945945945947,21.664864864864864
0.44499999999999995,0.16499999999999998,0.5,400,0.8338378378378378,25.97654054054054,31.152988461039804,25.547135135135136,21.21081081081081
0.44999999999999996,0.02999999999999986,0.5,400,1.0107027027027027,44.66227027027027,44.1893250615039,44.65145945945946,0.0
0.44499999999999995,0.15999999999999998,0.5,400,0.8412972972972973,26.60162162162162,31.61976355692624,26.279567567567568,20.28108108108108
0.44999999999999996,0.024999999999999856,0.5,400,1.0122162162162163,45.36378378378378,44.81629819502296,45.35091891891892,0.0
0.44999999999999996,0.014999999999999847,0.5,400,1.0097297297297296,46.52172972972973,46.073447537473236,46.511783783783784,0.0
0.44999999999999996,0.01999999999999985,0.5,400,1.0087567567567568,45.85794594594594,45.45986496624156,45.84864864864865,0.0
0.44499999999999995,0.15499999999999997,0.5,400,0.8948108108108108,27.61945945945946,30.86625588981515,27.23254054054054,15.481081081081081
0.44499999999999995,0.14999999999999997,0.5,400,0.910918918918919,28.12291891891892,30.873130785663424,27.653405405405405,14.735135135135135
0.44499999999999995,0.14499999999999996,0.5,400,0.9128648648648648,28.479027027027026,31.197418285172905,27.927891891891893,14.972972972972974
0.44499999999999995,0.185,0.5,400,0.8405405405405405,24.584864864864866,29.24887459807074,24.096216216216217,21.61081081081081
0.44499999999999995,0.175,0.5,400,0.8415135135135136,25.130054054054053,29.86292394655704,24.560216216216215,21.71891891891892
0.44499999999999995,0.13999999999999996,0.5,400,0.9187027027027027,28.831567567567568,31.382913626735704,28.184756756756755,14.886486486486486
0.44499999999999995,0.16999999999999998,0.5,400,0.8365405405405405,25.528648648648648,30.51692943913156,25.028864864864865,21.286486486486485
0.44499999999999995,0.12999999999999995,0.5,400,0.9267027027027027,29.576972972972975,31.916355576294915,28.81308108108108,14.551351351351352
0.44499999999999995,0.12499999999999994,0.5,400,0.9065945945945946,30.23762162162162,33.35296923443835,29.77545945945946,14.097297297297297
0.44499999999999995,0.11999999999999994,0.5,400,0.8833513513513513,30.82118918918919,34.8912005874434,30.699783783783783,13.643243243243242
0.44499999999999995,0.10999999999999993,0.5,400,0.894918918918919,31.623567567567566,35.33679632761537,31.483351351351352,13.037837837837838
0.44499999999999995,0.08999999999999991,0.5,400,1.0042162162162163,34.79091891891892,34.6448487458284,34.044,6.118918918918919
0.44499999999999995,0.08499999999999991,0.5,400,0.9824864864864865,35.67189189189189,36.307768485915496,35.24637837837838,5.989189189189189
0.44499999999999995,0.0799999999999999,0.5,400,0.9903783783783784,36.50075675675676,36.85536513481061,36.2534054054054,4.313513513513514
0.44499999999999995,0.13499999999999995,0.5,400,0.924972972972973,29.185837837837838,31.553179055633475,28.456216216216216,14.637837837837838
0.44499999999999995,0.05499999999999988,0.5,400,1.0128648648648648,40.59556756756757,40.07994449781193,40.559891891891894,0.14054054054054055
0.44499999999999995,0.06499999999999989,0.5,400,1.0168648648648648,39.167027027027025,38.5174356793536,39.084756756756754,0.3783783783783784
0.44499999999999995,0.04999999999999988,0.5,400,1.011027027027027,41.39081081081081,40.93937125748503,41.367135135135136,0.06486486486486487
0.44499999999999995,0.11499999999999994,0.5,400,0.8858378378378379,31.201297297297298,35.22235782279717,31.095135135135134,13.481081081081081
0.44499999999999995,0.10499999999999993,0.5,400,0.9425945945945946,32.61416216216216,34.600412891386625,32.33027027027027,9.308108108108108
0.44499999999999995,0.04499999999999987,0.5,400,1.013081081081081,42.433297297297294,41.88539110020275,42.412324324324324,0.043243243243243246
0.44499999999999995,0.09999999999999992,0.5,400,0.9894054054054054,33.61275675675676,33.97268356643357,33.04356756756757,7.091891891891892
0.44499999999999995,0.09499999999999992,0.5,400,0.9974054054054055,34.21372972972973,34.30273141122913,33.51913513513514,6.8108108108108105
0.44499999999999995,0.03999999999999987,0.5,400,1.0122162162162163,43.136,42.61540104667308,43.12216216216216,0.010810810810810811
0.44499999999999995,0.0749999999999999,0.5,400,1.0062702702702702,37.5932972972973,37.35904598195101,37.469297297297295,2.0216216216216214
0.44499999999999995,0.034999999999999865,0.5,400,1.0117837837837838,43.8694054054054,43.358478469922,43.8572972972973,0.0
0.44499999999999995,0.02999999999999986,0.5,400,1.0104864864864864,44.57589189189189,44.1132983845084,44.56475675675676,0.0
0.44499999999999995,0.0699999999999999,0.5,400,1.0187027027027027,38.4347027027027,37.72906717605858,38.32010810810811,0.6054054054054054
0.44499999999999995,0.05999999999999989,0.5,400,1.0155675675675675,39.750594594594595,39.1412603789653,39.701297297297295,0.23783783783783785
0.44499999999999995,0.014999999999999847,0.5,400,1.0084324324324325,46.320972972972974,45.93364065180103,46.31243243243243,0.0
0.44499999999999995,0.009999999999999842,0.5,400,1.0101621621621621,47.19394594594595,46.71917808219178,47.18291891891892,0.0
0.43999999999999995,0.195,0.5,400,0.8245405405405405,23.796,28.85970892880556,23.507135135135137,21.675675675675677
0.44499999999999995,0.024999999999999856,0.5,400,1.0098378378378379,45.22454054054054,44.78396317310781,45.21427027027027,0.0
0.43999999999999995,0.19,0.5,400,0.8315675675675676,24.116432432432433,29.00117004680187,23.763567567567566,21.708108108108107
0.43999999999999995,0.175,0.5,400,0.8388108108108108,25.01210810810811,29.818533316148987,24.480216216216217,21.6
0.43999999999999995,0.16999999999999998,0.5,400,0.8364324324324325,25.33545945945946,30.28990564818405,24.81427027027027,21.535135135135135
0.43999999999999995,0.16499999999999998,0.5,400,0.8356756756756757,25.770594594594595,30.838033635187582,25.30162162162162,21.102702702702704
0.44499999999999995,0.01999999999999985,0.5,400,1.0098378378378379,45.74594594594595,45.30028904828177,45.73567567567567,0.0
0.43999999999999995,0.15999999999999998,0.5,400,0.8316756756756757,26.32724324324324,31.655660990510853,26.022486486486486,20.78918918918919
0.44499999999999995,0.004999999999999838,0.5,400,1.0096216216216216,47.786054054054055,47.33065638719349,47.776,0.0
0.43999999999999995,0.2,0.5,400,0.8223783783783783,23.49708108108108,28.572104640462733,23.214702702702702,21.794594594594596
0.43999999999999995,0.14499999999999996,0.5,400,0.9125405405405406,28.333405405405404,31.048927852150218,27.818486486486485,14.81081081081081
0.43999999999999995,0.13999999999999996,0.5,400,0.916108108108108,28.688324324324324,31.315435449610572,28.082594594594596,14.875675675675677
0.43999999999999995,0.185,0.5,400,0.8402162162162162,24.45016216216216,29.099845599588267,23.999567567567567,21.675675675675677
0.43999999999999995,0.13499999999999995,0.5,400,0.9225945945945946,29.039783783783783,31.476212795875323,28.353081081081083,14.702702702702704
0.43999999999999995,0.18,0.5,400,0.8424864864864865,24.72908108108108,29.35249582959066,24.212324324324324,21.6
0.43999999999999995,0.12499999999999994,0.5,400,0.9050810810810811,30.05762162162162,33.20986622073578,29.56281081081081,14.378378378378379
0.43999999999999995,0.11999999999999994,0.5,400,0.8856216216216216,30.673297297297296,34.634765625,30.52691891891892,13.718918918918918
0.43999999999999995,0.11499999999999994,0.5,400,0.8863783783783784,31.090162162162162,35.07549701183071,30.99481081081081,13.308108108108108
0.43999999999999995,0.10999999999999993,0.5,400,0.8896216216216216,31.490054054054053,35.397132093814555,31.387351351351352,12.875675675675677
0.43999999999999995,0.15499999999999997,0.5,400,0.8766486486486487,27.276756756756757,31.114810704155875,26.932756756756756,16.832432432432434
0.43999999999999995,0.09999999999999992,0.5,400,0.9771891891891892,33.370486486486485,34.14946343622082,32.968756756756754,6.951351351351351
0.43999999999999995,0.14999999999999997,0.5,400,0.9027027027027027,27.937945945945945,30.94922155688623,27.528972972972973,14.92972972972973
0.43999999999999995,0.08499999999999991,0.5,400,0.990054054054054,35.4092972972973,35.76501419523913,34.8867027027027,5.945945945945946
0.43999999999999995,0.12999999999999995,0.5,400,0.932,29.419675675675677,31.566175617677764,28.642702702702703,14.378378378378379
0.43999999999999995,0.0699999999999999,0.5,400,1.016,38.34021621621621,37.73643328367738,38.26702702702703,0.6702702702702703
0.43999999999999995,0.0799999999999999,0.5,400,0.9895135135135135,36.44151351351351,36.82770676281001,36.19394594594595,4.281081081081081
0.43999999999999995,0.05999999999999989,0.5,400,1.013081081081081,39.672108108108105,39.1598548714118,39.6292972972973,0.22702702702702704
0.43999999999999995,0.05499999999999988,0.5,400,1.0126486486486486,40.468756756756754,39.96327532828013,40.435135135135134,0.1945945945945946
0.43999999999999995,0.10499999999999993,0.5,400,0.922054054054054,32.22486486486486,34.94899753781217,32.05135135135135,10.464864864864865
0.43999999999999995,0.04999999999999988,0.5,400,1.0123243243243243,41.18832432432433,40.68688594617685,41.166486486486484,0.043243243243243246
0.43999999999999995,0.06499999999999989,0.5,400,1.0128648648648648,39.02486486486487,38.52919201622372,38.97427027027027,0.44324324324324327
0.43999999999999995,0.034999999999999865,0.5,400,1.0097297297297296,43.74518918918919,43.323661670235545,43.735351351351355,0.0
0.43999999999999995,0.09499999999999992,0.5,400,0.9998918918918919,34.02205405405405,34.02573251162288,33.37816216216216,6.562162162162162
0.43999999999999995,0.08999999999999991,0.5,400,1.0022702702702704,34.641621621621624,34.56315392082839,33.94745945945946,6.313513513513514
0.43999999999999995,0.04499999999999987,0.5,400,1.0140540540540541,42.16421621621622,41.579850746268654,42.13945945945946,0.021621621621621623
0.43999999999999995,0.024999999999999856,0.5,400,1.0107027027027027,45.04281081081081,44.56583591828003,45.031891891891895,0.0
0.43999999999999995,0.0749999999999999,0.5,400,1.0063783783783784,37.563135135135134,37.32506176818133,37.44994594594595,1.772972972972973
0.43999999999999995,0.014999999999999847,0.5,400,1.009081081081081,46.18248648648649,45.76687379472895,46.17318918918919,0.0
0.43999999999999995,0.009999999999999842,0.5,400,1.0097297297297296,47.03405405405405,46.58083511777302,47.023675675675676,0.0
0.43999999999999995,0.004999999999999838,0.5,400,1.0076756756756757,47.65697297297297,47.29395987554983,47.64886486486486,0.0
0.43499999999999994,0.2,0.5,400,0.8211891891891892,23.349297297297298,28.433517640863613,23.090594594594595,21.74054054054054
0.43999999999999995,0.03999999999999987,0.5,400,1.0140540540540541,43.04994594594594,42.45330490405117,43.03351351351351,0.0
0.43999999999999995,0.02999999999999986,0.5,400,1.0123243243243243,44.42962162162162,43.88872276804784,44.41643243243243,0.0
0.43499999999999994,0.19,0.5,400,0.8275675675675676,23.97081081081081,28.965382103200522,23.665837837837838,21.57837837837838
0.43499999999999994,0.185,0.5,400,0.835891891891892,24.29210810810811,29.061303673047078,23.89664864864865,21.794594594594596
0.43499999999999994,0.18,0.5,400,0.8425945945945946,24.606918918918918,29.203746471644855,24.116108108108108,21.589189189189188
0.43499999999999994,0.15999999999999998,0.5,400,0.8250810810810811,26.06691891891892,31.59316037735849,25.78302702702703,20.94054054054054
0.43999999999999995,0.01999999999999985,0.5,400,1.009081081081081,45.637945945945944,45.2272337690165,45.62864864864865,0.0
0.43499999999999994,0.14999999999999997,0.5,400,0.8948108108108108,27.741945945945947,31.003141234746888,27.379567567567566,15.21081081081081
0.43499999999999994,0.14499999999999996,0.5,400,0.908972972972973,28.17297297297297,30.99429115128449,27.716432432432434,14.767567567567568
0.43499999999999994,0.195,0.5,400,0.8216216216216217,23.67016216216216,28.80907894736842,23.403135135135134,21.72972972972973
0.43499999999999994,0.13999999999999996,0.5,400,0.9156756756756756,28.544324324324325,31.172963400236128,27.99027027027027,14.767567567567568
0.43499999999999994,0.13499999999999995,0.5,400,0.9202162162162162,28.904,31.41000939849624,28.260972972972972,14.81081081081081
0.43499999999999994,0.16999999999999998,0.5,400,0.836972972972973,25.206702702702703,30.116507362438647,24.698810810810812,21.56756756756757
0.43499999999999994,0.175,0.5,400,0.8397837837837838,24.88972972972973,29.638259526261585,24.37556756756757,21.6
0.43499999999999994,0.16499999999999998,0.5,400,0.836972972972973,25.593297297297298,30.578403513304057,25.138486486486485,21.07027027027027
0.43499999999999994,0.11999999999999994,0.5,400,0.8876756756756756,30.54983783783784,34.41554012909511,30.39027027027027,13.772972972972973
0.43499999999999994,0.11499999999999994,0.5,400,0.8823783783783784,30.9572972972973,35.08392550845381,30.855891891891893,13.567567567567568
0.43499999999999994,0.10999999999999993,0.5,400,0.8861621621621621,31.34562162162162,35.37233134073441,31.2547027027027,13.264864864864865
0.43499999999999994,0.15499999999999997,0.5,400,0.8474594594594594,26.74908108108108,31.563847429519072,26.463675675675674,19.47027027027027
0.43499999999999994,0.10499999999999993,0.5,400,0.9059459459459459,31.928216216216217,35.24295942720764,31.814162162162162,11.394594594594595
0.43499999999999994,0.09499999999999992,0.5,400,0.9904864864864865,33.79989189189189,34.12453612748308,33.2692972972973,6.52972972972973
0.43499999999999994,0.08999999999999991,0.5,400,1.0014054054054053,34.46010810810811,34.41174565475548,33.79427027027027,6.2594594594594595
0.43499999999999994,0.12999999999999995,0.5,400,0.9242162162162162,29.29524324324324,31.697391507778686,28.57481081081081,14.64864864864865
0.43499999999999994,0.12499999999999994,0.5,400,0.9205405405405406,29.740756756756756,32.3079271873165,29.044756756756758,14.486486486486486
0.43499999999999994,0.0799999999999999,0.5,400,0.9891891891891892,36.22551351351351,36.621420765027324,35.936216216216216,4.454054054054054
0.43499999999999994,0.0749999999999999,0.5,400,0.997945945945946,37.29167567567568,37.36843245585527,37.221405405405406,2.3027027027027027
0.43499999999999994,0.05499999999999988,0.5,400,1.015027027027027,40.189189189189186,39.59420598572798,40.152324324324326,0.20540540540540542
0.43499999999999994,0.04999999999999988,0.5,400,1.016108108108108,41.01318918918919,40.36301734227045,40.98562162162162,0.06486486486486487
0.43499999999999994,0.04499999999999987,0.5,400,1.0115675675675675,41.87427027027027,41.39542588436465,41.85989189189189,0.043243243243243246
0.43499999999999994,0.09999999999999992,0.5,400,0.9582702702702702,33.040216216216216,34.479016245487365,32.84540540540541,7.145945945945946
0.43499999999999994,0.034999999999999865,0.5,400,1.0114594594594595,43.65891891891892,43.16427960666952,43.64594594594595,0.0
0.43499999999999994,0.02999999999999986,0.5,400,1.0113513513513515,44.30475675675676,43.80748262960984,44.292432432432435,0.0
0.43499999999999994,0.08499999999999991,0.5,400,0.9929729729729729,35.253189189189186,35.50266739248775,34.710594594594596,6.010810810810811
0.43499999999999994,0.024999999999999856,0.5,400,1.0111351351351352,44.90702702702703,44.412487971773764,44.89556756756757,0.0
0.43499999999999994,0.0699999999999999,0.5,400,1.0128648648648648,38.23751351351351,37.75184117835415,38.19081081081081,0.6162162162162163
0.43499999999999994,0.009999999999999842,0.5,400,1.0097297297297296,46.883027027027026,46.43126338329765,46.872972972972974,0.0
0.43499999999999994,0.06499999999999989,0.5,400,1.0144864864864864,38.8225945945946,38.26822250639386,38.784324324324324,0.34594594594594597
0.43499999999999994,0.004999999999999838,0.5,400,1.0086486486486486,47.536432432432434,47.128831725616294,47.526918918918916,0.0
0.43499999999999994,0.05999999999999989,0.5,400,1.0137297297297296,39.6532972972973,39.11624186840141,39.62064864864865,0.23783783783783785
0.43499999999999994,0.03999999999999987,0.5,400,1.0128648648648648,42.91556756756757,42.37047710534742,42.90032432432432,0.010810810810810811
0.42999999999999994,0.195,0.5,400,0.8189189189189189,23.526162162162162,28.72831683168317,23.278702702702702,21.805405405405406
0.42999999999999994,0.2,0.5,400,0.8164324324324325,23.164,28.372219279661017,22.946162162162164,21.85945945945946
0.42999999999999994,0.19,0.5,400,0.8192432432432433,23.815243243243245,29.06980733702824,23.553945945945944,21.82702702702703
0.42999999999999994,0.18,0.5,400,0.8394594594594594,24.47145945945946,29.151448808757245,24.032,21.57837837837838
0.42999999999999994,0.175,0.5,400,0.8403243243243244,24.745405405405407,29.447446288434325,24.240756756756756,21.686486486486487
0.43499999999999994,0.01999999999999985,0.5,400,1.009081081081081,45.57794594594595,45.16777373044783,45.56843243243243,0.0
0.43499999999999994,0.014999999999999847,0.5,400,1.0097297297297296,46.103567567567566,45.6593147751606,46.093513513513514,0.0
0.42999999999999994,0.16499999999999998,0.5,400,0.839027027027027,25.402054054054055,30.275608813297257,24.902486486486488,21.275675675675675
0.42999999999999994,0.15499999999999997,0.5,400,0.828972972972973,26.4372972972973,31.891627543035995,26.247027027027027,20.01081081081081
0.42999999999999994,0.14499999999999996,0.5,400,0.9024864864864864,28.006702702702704,31.03282223287015,27.60962162162162,14.821621621621622
0.42999999999999994,0.12999999999999995,0.5,400,0.9247567567567567,29.121945945945946,31.491465980827684,28.439351351351352,14.54054054054054
0.42999999999999994,0.11999999999999994,0.5,400,0.892,30.34702702702703,34.02133074778815,30.09372972972973,13.967567567567567
0.42999999999999994,0.12499999999999994,0.5,400,0.9257297297297298,29.553405405405407,31.924442368328858,28.82789189189189,14.291891891891892
0.42999999999999994,0.185,0.5,400,0.8307027027027027,24.12389189189189,29.04034357105674,23.789297297297296,21.63243243243243
0.42999999999999994,0.11499999999999994,0.5,400,0.884972972972973,30.85827027027027,34.869166870266305,30.756,13.448648648648648
0.42999999999999994,0.16999999999999998,0.5,400,0.8392432432432433,25.040864864864865,29.837433981708102,24.503351351351352,21.697297297297297
0.42999999999999994,0.10999999999999993,0.5,400,0.8885405405405405,31.22,35.13626961917508,31.133945945945946,13.04864864864865
0.42999999999999994,0.15999999999999998,0.5,400,0.8237837837837838,25.879243243243245,31.41509186351706,25.55956756756757,21.113513513513514
0.42999999999999994,0.09499999999999992,0.5,400,0.9783783783783784,33.58216216216216,34.32430939226519,33.18291891891892,6.691891891891892
0.42999999999999994,0.13999999999999996,0.5,400,0.9124324324324324,28.412864864864865,31.13969194312796,27.893945945945944,14.908108108108108
0.42999999999999994,0.14999999999999997,0.5,400,0.8922162162162162,27.549621621621622,30.877741427359748,27.240216216216215,15.308108108108108
0.42999999999999994,0.13499999999999995,0.5,400,0.9185945945945946,28.759243243243244,31.30787336707073,28.174162162162162,14.713513513513513
0.42999999999999994,0.08999999999999991,0.5,400,1.0008648648648648,34.269513513513516,34.2399006264852,33.64108108108108,6.162162162162162
0.42999999999999994,0.08499999999999991,0.5,400,0.9907027027027027,35.112432432432435,35.441946748144915,34.61167567567568,5.989189189189189
0.42999999999999994,0.0799999999999999,0.5,400,0.9941621621621621,36.114378378378376,36.32644628099174,35.78259459459459,4.345945945945946
0.42999999999999994,0.0749999999999999,0.5,400,1.003891891891892,37.20281081081081,37.058582812836526,37.08875675675676,1.8918918918918919
0.42999999999999994,0.0699999999999999,0.5,400,1.0116756756756757,38.18562162162162,37.74492412908741,38.14335135135135,0.6054054054054054
0.42999999999999994,0.05999999999999989,0.5,400,1.0140540540540541,39.495891891891894,38.948507462686564,39.457945945945944,0.1945945945945946
0.42999999999999994,0.04999999999999988,0.5,400,1.0145945945945947,40.91708108108108,40.328502930207776,40.87935135135135,0.05405405405405406
0.42999999999999994,0.10499999999999993,0.5,400,0.8977297297297298,31.72172972972973,35.335500963391134,31.630702702702703,11.989189189189188
0.42999999999999994,0.09999999999999992,0.5,400,0.9500540540540541,32.830594594594594,34.556554392353206,32.69545945945946,7.318918918918919
0.42999999999999994,0.03999999999999987,0.5,400,1.0123243243243243,42.81297297297297,42.29175565997437,42.79827027027027,0.0
0.42999999999999994,0.01999999999999985,0.5,400,1.0096216216216216,45.41362162162162,44.98083306563872,45.40378378378379,0.0
0.42999999999999994,0.014999999999999847,0.5,400,1.009081081081081,45.95686486486486,45.54328262266981,45.94745945945946,0.0
0.42999999999999994,0.009999999999999842,0.5,400,1.0087567567567568,46.68962162162162,46.28432108027007,46.68064864864865,0.0
0.42999999999999994,0.06499999999999989,0.5,400,1.0142702702702702,38.778486486486486,38.23289277339587,38.74378378378378,0.3567567567567568
0.42999999999999994,0.004999999999999838,0.5,400,1.0084324324324325,47.388756756756756,46.99249571183533,47.38032432432433,0.0
0.42999999999999994,0.05499999999999988,0.5,400,1.0125405405405405,40.19405405405406,39.696241725389704,40.17081081081081,0.15135135135135136
0.42499999999999993,0.2,0.5,400,0.8028108108108108,22.93145945945946,28.563964449232426,22.792324324324323,22.10810810810811
0.42499999999999993,0.195,0.5,400,0.8179459459459459,23.370162162162163,28.57176843774782,23.167459459459458,21.751351351351353
0.42499999999999993,0.19,0.5,400,0.8164324324324325,23.696648648648647,29.024629237288135,23.463783783783782,21.83783783783784
0.42999999999999994,0.04499999999999987,0.5,400,1.0127567567567568,41.576324324324325,41.052625960717336,41.55902702702703,0.010810810810810811
0.42999999999999994,0.034999999999999865,0.5,400,1.0126486486486486,43.525621621621625,42.98195793743995,43.51254054054054,0.0
0.42999999999999994,0.02999999999999986,0.5,400,1.009189189189189,44.17989189189189,43.777611140867705,44.17027027027027,0.0
0.42999999999999994,0.024999999999999856,0.5,400,1.0108108108108107,44.746054054054056,44.26748663101604,44.73372972972973,0.0
0.42499999999999993,0.175,0.5,400,0.8406486486486486,24.624216216216215,29.291923868312757,24.152324324324326,21.589189189189188
0.42499999999999993,0.16999999999999998,0.5,400,0.8382702702702702,24.91318918918919,29.719757544493167,24.404108108108108,21.762162162162163
0.42499999999999993,0.16499999999999998,0.5,400,0.832972972972973,25.271783783783786,30.33926022063595,24.82691891891892,21.45945945945946
0.42499999999999993,0.15999999999999998,0.5,400,0.828,25.67081081081081,31.003394699046872,25.309081081081082,21.016216216216215
0.42499999999999993,0.14999999999999997,0.5,400,0.8695135135135135,27.137945945945948,31.210493596916574,26.90616216216216,16.67027027027027
0.42499999999999993,0.13499999999999995,0.5,400,0.9151351351351351,28.618378378378377,31.27229769639693,28.064864864864866,14.778378378378378
0.42499999999999993,0.13999999999999996,0.5,400,0.910918918918919,28.246702702702702,31.009019700925705,27.795675675675675,14.68108108108108
0.42499999999999993,0.12999999999999995,0.5,400,0.918054054054054,28.97502702702703,31.561351860574657,28.335135135135136,14.832432432432432
0.42499999999999993,0.185,0.5,400,0.8224864864864865,23.96454054054054,29.136698212407993,23.69362162162162,21.772972972972973
0.42499999999999993,0.18,0.5,400,0.8325405405405405,24.29891891891892,29.186469289702636,23.92745945945946,21.74054054054054
0.42499999999999993,0.10499999999999993,0.5,400,0.9018378378378379,31.609189189189188,35.04974826180772,31.513405405405404,11.816216216216215
0.42499999999999993,0.09999999999999992,0.5,400,0.9262702702702703,32.406486486486486,34.9859943977591,32.31189189189189,9.275675675675675
0.42499999999999993,0.15499999999999997,0.5,400,0.8167567567567567,26.111027027027028,31.96915949702184,25.904432432432433,20.897297297297296
0.42499999999999993,0.14499999999999996,0.5,400,0.8972972972972973,27.860216216216216,31.049036144578313,27.49989189189189,14.94054054054054
0.42499999999999993,0.09499999999999992,0.5,400,0.9667027027027028,33.316540540540544,34.46410199060613,33.07772972972973,6.713513513513513
0.42499999999999993,0.08999999999999991,0.5,400,0.9868108108108108,33.95762162162162,34.41148115687993,33.50335135135135,6.2594594594594595
0.42499999999999993,0.08499999999999991,0.5,400,0.9896216216216216,35.02281081081081,35.390102687349795,34.58291891891892,5.827027027027027
0.42499999999999993,0.0799999999999999,0.5,400,0.9911351351351352,35.95037837837838,36.27192408376963,35.642162162162165,4.735135135135135
0.42499999999999993,0.0749999999999999,0.5,400,0.9936216216216216,37.03978378378378,37.27755412903928,36.96259459459459,2.691891891891892
0.42499999999999993,0.0699999999999999,0.5,400,1.0085405405405405,37.88583783783784,37.56501232715189,37.83545945945946,0.8108108108108109
0.42499999999999993,0.12499999999999994,0.5,400,0.9256216216216216,29.375783783783785,31.73627657089465,28.665513513513513,14.454054054054055
0.42499999999999993,0.11999999999999994,0.5,400,0.8971891891891892,30.155567567567566,33.61115797083986,29.834162162162162,14.151351351351352
0.42499999999999993,0.10999999999999993,0.5,400,0.888,31.105945945945948,35.02921840759679,31.012756756756758,13.156756756756756
0.42499999999999993,0.11499999999999994,0.5,400,0.8854054054054054,30.70508108108108,34.67912087912088,30.592756756756756,13.437837837837838
0.42499999999999993,0.05499999999999988,0.5,400,1.0126486486486486,40.13167567567567,39.63040461193552,40.11135135135135,0.10810810810810811
0.42499999999999993,0.04999999999999988,0.5,400,1.0138378378378379,40.761405405405405,40.20505438259757,40.73686486486486,0.043243243243243246
0.42499999999999993,0.02999999999999986,0.5,400,1.0105945945945947,44.0627027027027,43.6007702182285,44.05145945945946,0.0
0.42499999999999993,0.034999999999999865,0.5,400,1.0115675675675675,43.36248648648649,42.86662391792241,43.350162162162164,0.0
0.42499999999999993,0.024999999999999856,0.5,400,1.0113513513513515,44.71794594594595,44.21603420630679,44.70605405405406,0.0
0.42499999999999993,0.01999999999999985,0.5,400,1.008972972972973,45.34518918918919,44.94192649737491,45.33578378378378,0.0
0.42499999999999993,0.009999999999999842,0.5,400,1.0085405405405405,46.54389189189189,46.14974809733091,46.535243243243244,0.0
0.42499999999999993,0.014999999999999847,0.5,400,1.0076756756756757,45.87156756756757,45.52215427529235,45.86367567567567,0.0
0.42499999999999993,0.06499999999999989,0.5,400,1.011891891891892,38.73372972972973,38.27852564102564,38.706162162162165,0.44324324324324327
0.42499999999999993,0.05999999999999989,0.5,400,1.0135135135135136,39.43275675675676,38.90698666666667,39.407783783783785,0.21621621621621623
0.42499999999999993,0.03999999999999987,0.5,400,1.0123243243243243,42.51318918918919,41.995621529261,42.49827027027027,0.0
0.42499999999999993,0.04499999999999987,0.5,400,1.012972972972973,41.52605405405406,40.99423692636073,41.502162162162165,0.043243243243243246
0.41999999999999993,0.185,0.5,400,0.8192432432432433,23.840972972972974,29.10121404064397,23.594162162162164,21.72972972972973
0.41999999999999993,0.18,0.5,400,0.8246486486486486,24.117081081081082,29.245280545359204,23.819783783783784,21.697297297297297
0.41999999999999993,0.175,0.5,400,0.8372972972972973,24.467135135135134,29.22156229825694,24.053513513513515,21.72972972972973
0.41999999999999993,0.16999999999999998,0.5,400,0.8405405405405405,24.782054054054054,29.48347266881029,24.287891891891892,21.697297297297297
0.41999999999999993,0.15999999999999998,0.5,400,0.8313513513513513,25.508108108108107,30.682704811443433,25.099675675675677,21.254054054054055
0.41999999999999993,0.16499999999999998,0.5,400,0.8363243243243244,25.10508108108108,30.018355739400207,24.615675675675675,21.535135135135135
0.41999999999999993,0.15499999999999997,0.5,400,0.8202162162162162,25.944,31.630684064847767,25.706486486486487,20.91891891891892
0.42499999999999993,0.004999999999999838,0.5,400,1.007891891891892,47.26627027027027,46.89617076048482,47.25772972972973,0.0
0.41999999999999993,0.14999999999999997,0.5,400,0.8374054054054054,26.653513513513513,31.82868577330235,26.51718918918919,18.518918918918917
0.41999999999999993,0.2,0.5,400,0.7952432432432432,22.736864864864867,28.591082109842304,22.628864864864866,22.454054054054055
0.41999999999999993,0.195,0.5,400,0.8032432432432433,23.158054054054055,28.830686406460295,23.03902702702703,21.924324324324324
0.41999999999999993,0.19,0.5,400,0.8157837837837838,23.56335135135135,28.88430956798304,23.360756756756757,21.71891891891892
0.41999999999999993,0.12499999999999994,0.5,400,0.9233513513513514,29.233621621621623,31.66034422198806,28.56345945945946,14.4
0.41999999999999993,0.11499999999999994,0.5,400,0.8864864864864865,30.596864864864866,34.514756097560976,30.485405405405405,13.481081081081081
0.41999999999999993,0.11999999999999994,0.5,400,0.9147027027027027,29.825405405405405,32.606665878737736,29.257837837837837,14.108108108108109
0.41999999999999993,0.10999999999999993,0.5,400,0.8877837837837838,30.979783783783784,34.895640526059424,30.887891891891893,13.232432432432432
0.41999999999999993,0.10499999999999993,0.5,400,0.8914594594594595,31.415027027027026,35.23999514916323,31.33491891891892,12.562162162162162
0.41999999999999993,0.09499999999999992,0.5,400,0.9605405405405405,33.138486486486485,34.49983117613956,32.978162162162164,6.6702702702702705
0.41999999999999993,0.09999999999999992,0.5,400,0.9248648648648649,32.22281081081081,34.840561075394504,32.1292972972973,9.416216216216217
0.41999999999999993,0.14499999999999996,0.5,400,0.8928648648648648,27.6812972972973,31.002784840779757,27.38745945945946,14.983783783783784
0.41999999999999993,0.13999999999999996,0.5,400,0.9037837837837838,28.075567567567568,31.064473684210526,27.683675675675676,14.78918918918919
0.41999999999999993,0.08499999999999991,0.5,400,0.9872432432432432,34.72227027027027,35.1709373631187,34.31513513513514,5.870270270270271
0.41999999999999993,0.13499999999999995,0.5,400,0.9125405405405406,28.46,31.187655491055562,27.960864864864863,14.724324324324325
0.41999999999999993,0.12999999999999995,0.5,400,0.9168648648648648,28.83145945945946,31.445702157764416,28.23989189189189,14.68108108108108
0.41999999999999993,0.06499999999999989,0.5,400,1.0108108108108107,38.61902702702703,38.20598930481283,38.58994594594595,0.4
0.41999999999999993,0.05999999999999989,0.5,400,1.0104864864864864,39.324108108108106,38.91601583395742,39.30864864864865,0.24864864864864866
0.41999999999999993,0.05499999999999988,0.5,400,1.0138378378378379,39.93740540540541,39.39230113030497,39.91124324324324,0.14054054054054055
0.41999999999999993,0.04999999999999988,0.5,400,1.0147027027027027,40.62162162162162,40.03302791391434,40.59567567567568,0.021621621621621623
0.41999999999999993,0.08999999999999991,0.5,400,0.9775135135135136,33.786054054054055,34.5632603406326,33.45751351351351,6.291891891891892
0.41999999999999993,0.03999999999999987,0.5,400,1.012972972972973,42.43081081081081,41.88740661686233,42.416,0.0
0.41999999999999993,0.04499999999999987,0.5,400,1.0112432432432432,41.42064864864865,40.96012401111824,41.39859459459459,0.032432432432432434
0.41999999999999993,0.034999999999999865,0.5,400,1.0101621621621621,43.28010810810811,42.84471318493151,43.26864864864865,0.0
0.41999999999999993,0.0799999999999999,0.5,400,0.9875675675675676,35.727783783783785,36.17755883962781,35.416,4.92972972972973
0.41999999999999993,0.0749999999999999,0.5,400,0.9982702702702703,36.91275675675676,36.976716482564434,36.79524324324324,2.4756756756756757
0.41999999999999993,0.01999999999999985,0.5,400,1.0088648648648648,45.1932972972973,44.7961851693099,45.184216216216214,0.0
0.41999999999999993,0.0699999999999999,0.5,400,1.0103783783783784,37.824216216216215,37.435694414722875,37.76918918918919,0.6702702702702703
0.4149999999999999,0.2,0.5,400,0.7903783783783784,22.548216216216215,28.528381890302285,22.446054054054056,22.745945945945945
0.41999999999999993,0.004999999999999838,0.5,400,1.0082162162162163,47.10594594594595,46.722067338623205,47.09772972972973,0.0
0.4149999999999999,0.195,0.5,400,0.8018378378378378,23.000216216216216,28.684373736011864,22.888324324324323,21.967567567567567
0.41999999999999993,0.02999999999999986,0.5,400,1.0117837837837838,43.91945945945946,43.40794956726146,43.907243243243244,0.0
0.41999999999999993,0.024999999999999856,0.5,400,1.0094054054054054,44.524972972972975,44.11009960372711,44.51535135135135,0.0
0.4149999999999999,0.19,0.5,400,0.8095135135135135,23.372432432432433,28.872195512820515,23.239243243243244,21.697297297297297
0.4149999999999999,0.18,0.5,400,0.8227027027027027,23.981189189189188,29.14927726675427,23.722486486486485,21.524324324324326
0.4149999999999999,0.175,0.5,400,0.8296216216216217,24.310054054054053,29.30258014073495,23.959243243243243,21.84864864864865
0.4149999999999999,0.16999999999999998,0.5,400,0.8349189189189189,24.651135135135135,29.525184513789977,24.247891891891893,21.643243243243244
0.4149999999999999,0.15499999999999997,0.5,400,0.8216216216216217,25.758486486486486,31.35078947368421,25.46010810810811,21.135135135135137
0.41999999999999993,0.014999999999999847,0.5,400,1.009081081081081,45.76410810810811,45.352260552817654,45.75491891891892,0.0
0.41999999999999993,0.009999999999999842,0.5,400,1.0077837837837837,46.42724324324325,46.068654795108344,46.41935135135135,0.0
0.4149999999999999,0.185,0.5,400,0.8182702702702702,23.714594594594594,28.98137138327388,23.4987027027027,21.57837837837838
0.4149999999999999,0.14499999999999996,0.5,400,0.8798918918918919,27.42,31.162919277552525,27.236,15.2
0.4149999999999999,0.13999999999999996,0.5,400,0.896972972972973,27.926486486486485,31.134144871640352,27.59254054054054,14.735135135135135
0.4149999999999999,0.16499999999999998,0.5,400,0.8414054054054054,24.966162162162163,29.671977386611847,24.48583783783784,21.47027027027027
0.4149999999999999,0.11499999999999994,0.5,400,0.8863783783783784,30.437081081081082,34.338699841444075,30.29589189189189,13.718918918918918
0.4149999999999999,0.13499999999999995,0.5,400,0.9065945945945946,28.294054054054055,31.20915812067732,27.86562162162162,14.724324324324325
0.4149999999999999,0.10999999999999993,0.5,400,0.8831351351351351,30.836972972972973,34.91761537519892,30.745513513513515,13.427027027027027
0.4149999999999999,0.11999999999999994,0.5,400,0.9243243243243243,29.582054054054055,32.00397660818714,28.954054054054055,14.043243243243243
0.4149999999999999,0.15999999999999998,0.5,400,0.8335135135135135,25.36227027027027,30.428145265888457,24.928864864864863,21.2
0.4149999999999999,0.10499999999999993,0.5,400,0.8907027027027027,31.27664864864865,35.11457701177327,31.19643243243243,12.702702702702704
0.4149999999999999,0.14999999999999997,0.5,400,0.8176216216216217,26.269513513513512,32.12918154171625,26.149837837837836,20.27027027027027
0.4149999999999999,0.09999999999999992,0.5,400,0.916108108108108,31.995243243243245,34.925182912438046,31.911135135135137,10.14054054054054
0.4149999999999999,0.12999999999999995,0.5,400,0.9148108108108108,28.693945945945945,31.365989127865753,28.141513513513512,14.78918918918919
0.4149999999999999,0.12499999999999994,0.5,400,0.9235675675675675,29.071783783783783,31.4777010417886,28.434918918918918,14.454054054054055
0.4149999999999999,0.0799999999999999,0.5,400,0.9894054054054054,35.70108108108108,36.08336975524475,35.42205405405405,4.778378378378378
0.4149999999999999,0.06499999999999989,0.5,400,1.0122162162162163,38.42562162162162,37.96187119512977,38.3987027027027,0.31351351351351353
0.4149999999999999,0.0749999999999999,0.5,400,0.9887567567567568,36.673297297297296,37.090312705007655,36.576324324324325,3.264864864864865
0.4149999999999999,0.05499999999999988,0.5,400,1.0111351351351352,39.766486486486485,39.32855768202716,39.752,0.07567567567567568
0.4149999999999999,0.05999999999999989,0.5,400,1.0116756756756757,39.128864864864866,38.677281470399656,39.10951351351351,0.22702702702702704
0.4149999999999999,0.04999999999999988,0.5,400,1.0142702702702702,40.47578378378378,39.906309955233425,40.456,0.032432432432432434
0.4149999999999999,0.03999999999999987,0.5,400,1.011027027027027,42.07048648648649,41.61163387510693,42.05751351351351,0.010810810810810811
0.4149999999999999,0.09499999999999992,0.5,400,0.9516756756756757,32.9467027027027,34.6196751107577,32.86572972972973,6.605405405405405
0.4149999999999999,0.02999999999999986,0.5,400,1.0094054054054054,43.84281081081081,43.43429367034379,43.8332972972973,0.0
0.4149999999999999,0.08999999999999991,0.5,400,0.9668108108108108,33.58367567567568,34.73655372917366,33.36810810810811,6.227027027027027
0.4149999999999999,0.08499999999999991,0.5,400,0.9821621621621621,34.43102702702703,35.05635663181068,34.08616216216216,5.783783783783784
0.4149999999999999,0.0699999999999999,0.5,400,1.0105945945945947,37.759567567567565,37.36371416345742,37.7172972972973,0.7675675675675676
0.4149999999999999,0.014999999999999847,0.5,400,1.008972972972973,45.61362162162162,45.20797171327548,45.60454054054054,0.0
0.4149999999999999,0.009999999999999842,0.5,400,1.0071351351351352,46.26605405405405,45.93827823100043,46.25881081081081,0.0
0.4149999999999999,0.04499999999999987,0.5,400,1.011891891891892,41.218378378378375,40.73397435897436,41.19708108108108,0.010810810810810811
0.4099999999999999,0.2,0.5,400,0.7885405405405406,22.38972972972973,28.39388538524815,22.295567567567566,23.048648648648648
0.4099999999999999,0.195,0.5,400,0.796,22.79945945945946,28.642537009371182,22.71427027027027,22.291891891891893
0.4149999999999999,0.004999999999999838,0.5,400,1.007027027027027,47.01016216216216,46.68212560386473,47.003027027027024,0.0
0.4099999999999999,0.19,0.5,400,0.8014054054054054,23.195351351351352,28.943342776203966,23.112216216216215,21.751351351351353
0.4099999999999999,0.185,0.5,400,0.811027027027027,23.55772972972973,29.04678752332711,23.395675675675676,21.762162162162163
0.4149999999999999,0.034999999999999865,0.5,400,1.0104864864864864,43.10789189189189,42.66053279126993,43.09545945945946,0.0
0.4099999999999999,0.175,0.5,400,0.8234594594594594,24.142054054054054,29.3178416699488,23.860216216216216,21.697297297297297
